Accounting fees,Advertising,Advertising and promotion,Appraisal fees,Bad debt expense,Bank charges,Business taxes,Computer-related expenses,Consulting fees,Credit card charges,Delivery,Donations,Dumping charges,Electricity,Employee benefits,Employee salaries,Equipment rental,Fuel costs,Garbage removal,General and administrative expenses,Government fees,Group insurance benefits,Heat,Insurance,Interest and bank charges,Interest on bonds and debentures,Interest on long term debt,Interest on short term debt,Interest paid (financial institutions),Interest paid on bonds and debentures,Interest paid on deposits,Internet,Land fill fees,Legal fees,Machine shop expense,Meals and entertainment,Meetings and conventions,Memberships,Motor vehicle rentals,Occupancy costs,Office expenses,Office stationery and supplies,Office utilities,Other expenses,Other repairs and maintenance,Professional fees,Promotion,Property taxes,Real estate rental,Rental,Repairs and maintenance,Repairs and maintenance - machinery and equipment,Repairs and maintenance - vehicles,Research and development,Salaries and wages,Security,Selling expenses,Shipping and warehouse expense,Shop expense,Small tools,Storage,Sub-contracts,Supplies,Telephone and telecommunications,Training expense,Travel expenses,Utilities,Vehicle expenses,Water,Warranty expenses,Undefined,Payments
,,,,,,,gsuite,,,,islamic relief,waste mgmt,,,,,petrocan,,,,,,,,,,,,,,shaw,,,,planet organic,,,,,,,,,,dental,,,,,,,pro detail supply,,,alarmforce,,,,,,vortek construction,cleaners warehouse,bell mobility,,airbnb,,nissan,,,,payment
,,,,,,,quickbooks,,,,al-rashid,,,,,,7-eleven,,,,,,,,,,,,,,,,,,burger king,,,,,,,,,,barbershop,,,,,,,millwoods auto centre,,,,,,,,,rh services,carpet superstore,koodo mobile,,airportrentals,,honda,,,,
,,,,,,,godaddy,,,,mosque,,,,,,petroleum,,,,,,,,,,,,,,,,,,apna punjab foods,,,,,,,,,,sport and spine,,,,,,,sams solution auto,,,,,,,,,naiad irrigation,glenora lumber,fido mobile,,hostelling,,double ace auto,,,,
,,,,,,,nchsoftware,,,,islamic,,,,,,esso,,,,,,,,,,,,,,,,,,shoppersdrugmart,,,,,,,,,,homeserve,,,,,,,jiffy lube,,,,,,,,,,home depot,telus,,expedia,,,,,,
,,,,,,,anixter,,,,muslim,,,,,,shell,,,,,,,,,,,,,,,,,,liquor,,,,,,,,,,massage experts,,,,,,,mr. lube,,,,,,,,,,dulux paints,cellxpress,,air can,,,,,,
,,,,,,,best buy,,,,plan canada,,,,,,7 eleven,,,,,,,,,,,,,,,,,,mcdonald,,,,,,,,,,orthodontic,,,,,,,,,,,,,,,,,lowes,freedom mobile,,flighthub,,,,,,
,,,,,,,monoprice,,,,,,,,,,husky,,,,,,,,,,,,,,,,,,shoppers drug mart,,,,,,,,,,inc inc,,,,,,,,,,,,,,,,,staples,rogers,,hotel,,,,,,
,,,,,,,microsoftoffice,,,,,,,,,,gas,,,,,,,,,,,,,,,,,,kfc,,,,,,,,,,spasation,,,,,,,,,,,,,,,,,fancy windows,,,westjet,,,,,,
,,,,,,,teamsnap,,,,,,,,,,mobil,,,,,,,,,,,,,,,,,,shawarma,,,,,,,,,,hospital,,,,,,,,,,,,,,,,,cdn tire,,,,,,,,,
,,,,,,,adobe acropro,,,,,,,,,,centex,,,,,,,,,,,,,,,,,,restaurant,,,,,,,,,,fireplace guy,,,,,,,,,,,,,,,,,supplies,,,,,,,,,
,,,,,,,,,,,,,,,,,petro-canada,,,,,,,,,,,,,,,,,,basha international foods,,,,,,,,,,chiropractic,,,,,,,,,,,,,,,,,consolidated gupsum,,,,,,,,,
,,,,,,,,,,,,,,,,,,,,,,,,,,,,,,,,,,,sports tab,,,,,,,,,,paragon testing,,,,,,,,,,,,,,,,,vistaprint,,,,,,,,,
,,,,,,,,,,,,,,,,,,,,,,,,,,,,,,,,,,,century casino,,,,,,,,,,,,,,,,,,,,,,,,,,,plywood,,,,,,,,,
,,,,,,,,,,,,,,,,,,,,,,,,,,,,,,,,,,,sephora,,,,,,,,,,,,,,,,,,,,,,,,,,,rona,,,,,,,,,
,,,,,,,,,,,,,,,,,,,,,,,,,,,,,,,,,,,seafood,,,,,,,,,,,,,,,,,,,,,,,,,,,fancy doors & mouldings,,,,,,,,,
,,,,,,,,,,,,,,,,,,,,,,,,,,,,,,,,,,,pita pit,,,,,,,,,,,,,,,,,,,,,,,,,,,lumber,,,,,,,,,
,,,,,,,,,,,,,,,,,,,,,,,,,,,,,,,,,,,italian centre shop,,,,,,,,,,,,,,,,,,,,,,,,,,,wal-mart,,,,,,,,,
,,,,,,,,,,,,,,,,,,,,,,,,,,,,,,,,,,,cactus club,,,,,,,,,,,,,,,,,,,,,,,,,,,cdn tire,,,,,,,,,
,,,,,,,,,,,,,,,,,,,,,,,,,,,,,,,,,,,pizza,,,,,,,,,,,,,,,,,,,,,,,,,,,dollarama,,,,,,,,,
,,,,,,,,,,,,,,,,,,,,,,,,,,,,,,,,,,,foodmart,,,,,,,,,,,,,,,,,,,,,,,,,,,costco,,,,,,,,,
,,,,,,,,,,,,,,,,,,,,,,,,,,,,,,,,,,,booster juice,,,,,,,,,,,,,,,,,,,,,,,,,,,aliexpress,,,,,,,,,
,,,,,,,,,,,,,,,,,,,,,,,,,,,,,,,,,,,subway,,,,,,,,,,,,,,,,,,,,,,,,,,,harry rosen,,,,,,,,,
,,,,,,,,,,,,,,,,,,,,,,,,,,,,,,,,,,,mr paintball,,,,,,,,,,,,,,,,,,,,,,,,,,,staples,,,,,,,,,
,,,,,,,,,,,,,,,,,,,,,,,,,,,,,,,,,,,ihop,,,,,,,,,,,,,,,,,,,,,,,,,,,amazon,,,,,,,,,
,,,,,,,,,,,,,,,,,,,,,,,,,,,,,,,,,,,tays food store,,,,,,,,,,,,,,,,,,,,,,,,,,,toys R us,,,,,,,,,
,,,,,,,,,,,,,,,,,,,,,,,,,,,,,,,,,,,jugo juice,,,,,,,,,,,,,,,,,,,,,,,,,,,hudsons bay,,,,,,,,,
,,,,,,,,,,,,,,,,,,,,,,,,,,,,,,,,,,,guess,,,,,,,,,,,,,,,,,,,,,,,,,,,holt renfrew,,,,,,,,,
,,,,,,,,,,,,,,,,,,,,,,,,,,,,,,,,,,,paradiso,,,,,,,,,,,,,,,,,,,,,,,,,,,nofrills,,,,,,,,,
,,,,,,,,,,,,,,,,,,,,,,,,,,,,,,,,,,,viphalay laos and thai,,,,,,,,,,,,,,,,,,,,,,,,,,,groupon,,,,,,,,,
,,,,,,,,,,,,,,,,,,,,,,,,,,,,,,,,,,,oriental noodle house,,,,,,,,,,,,,,,,,,,,,,,,,,,thyme maternity,,,,,,,,,
,,,,,,,,,,,,,,,,,,,,,,,,,,,,,,,,,,,afghan chopan kebab,,,,,,,,,,,,,,,,,,,,,,,,,,,army navy dept store,,,,,,,,,
,,,,,,,,,,,,,,,,,,,,,,,,,,,,,,,,,,,mary browns,,,,,,,,,,,,,,,,,,,,,,,,,,,london drugs,,,,,,,,,
,,,,,,,,,,,,,,,,,,,,,,,,,,,,,,,,,,,mt. fuji teppan-yaki,,,,,,,,,,,,,,,,,,,,,,,,,,,texonic av mounting,,,,,,,,,
,,,,,,,,,,,,,,,,,,,,,,,,,,,,,,,,,,,donair,,,,,,,,,,,,,,,,,,,,,,,,,,,elsafadi,,,,,,,,,
,,,,,,,,,,,,,,,,,,,,,,,,,,,,,,,,,,,moxies,,,,,,,,,,,,,,,,,,,,,,,,,,,healthcare supply,,,,,,,,,
,,,,,,,,,,,,,,,,,,,,,,,,,,,,,,,,,,,cafe,,,,,,,,,,,,,,,,,,,,,,,,,,,memory express,,,,,,,,,
,,,,,,,,,,,,,,,,,,,,,,,,,,,,,,,,,,,ticketmaster,,,,,,,,,,,,,,,,,,,,,,,,,,,aldo,,,,,,,,,
,,,,,,,,,,,,,,,,,,,,,,,,,,,,,,,,,,,boosterjuice,,,,,,,,,,,,,,,,,,,,,,,,,,,safeway,,,,,,,,,
,,,,,,,,,,,,,,,,,,,,,,,,,,,,,,,,,,,edo japan,,,,,,,,,,,,,,,,,,,,,,,,,,,cellularoutfitter,,,,,,,,,
,,,,,,,,,,,,,,,,,,,,,,,,,,,,,,,,,,,harts table & bar,,,,,,,,,,,,,,,,,,,,,,,,,,,urban behaviour,,,,,,,,,
,,,,,,,,,,,,,,,,,,,,,,,,,,,,,,,,,,,mcdonalds,,,,,,,,,,,,,,,,,,,,,,,,,,,toner laser centre,,,,,,,,,
,,,,,,,,,,,,,,,,,,,,,,,,,,,,,,,,,,,lounge,,,,,,,,,,,,,,,,,,,,,,,,,,,sherwin-williams,,,,,,,,,
,,,,,,,,,,,,,,,,,,,,,,,,,,,,,,,,,,,skipthedishes,,,,,,,,,,,,,,,,,,,,,,,,,,,albaraka meat shop,,,,,,,,,
,,,,,,,,,,,,,,,,,,,,,,,,,,,,,,,,,,,kernels popcorn,,,,,,,,,,,,,,,,,,,,,,,,,,,sobeys,,,,,,,,,
,,,,,,,,,,,,,,,,,,,,,,,,,,,,,,,,,,,fatburger,,,,,,,,,,,,,,,,,,,,,,,,,,,mildly chinese herbal,,,,,,,,,
,,,,,,,,,,,,,,,,,,,,,,,,,,,,,,,,,,,crepe delicious,,,,,,,,,,,,,,,,,,,,,,,,,,,senza,,,,,,,,,
,,,,,,,,,,,,,,,,,,,,,,,,,,,,,,,,,,,starbucks,,,,,,,,,,,,,,,,,,,,,,,,,,,appliance outlet,,,,,,,,,
,,,,,,,,,,,,,,,,,,,,,,,,,,,,,,,,,,,zoo,,,,,,,,,,,,,,,,,,,,,,,,,,,dynamite,,,,,,,,,
,,,,,,,,,,,,,,,,,,,,,,,,,,,,,,,,,,,bakery,,,,,,,,,,,,,,,,,,,,,,,,,,,sportschek,,,,,,,,,
,,,,,,,,,,,,,,,,,,,,,,,,,,,,,,,,,,,red lobster,,,,,,,,,,,,,,,,,,,,,,,,,,,sport chek,,,,,,,,,
,,,,,,,,,,,,,,,,,,,,,,,,,,,,,,,,,,,macarons,,,,,,,,,,,,,,,,,,,,,,,,,,,kijiji,,,,,,,,,
,,,,,,,,,,,,,,,,,,,,,,,,,,,,,,,,,,,diwan,,,,,,,,,,,,,,,,,,,,,,,,,,,amzn,,,,,,,,,
,,,,,,,,,,,,,,,,,,,,,,,,,,,,,,,,,,,baklawa,,,,,,,,,,,,,,,,,,,,,,,,,,,save foods,,,,,,,,,
,,,,,,,,,,,,,,,,,,,,,,,,,,,,,,,,,,,khan kebabs,,,,,,,,,,,,,,,,,,,,,,,,,,,henry schein,,,,,,,,,
,,,,,,,,,,,,,,,,,,,,,,,,,,,,,,,,,,,turquaz,,,,,,,,,,,,,,,,,,,,,,,,,,,recall system solutions,,,,,,,,,
,,,,,,,,,,,,,,,,,,,,,,,,,,,,,,,,,,,fine foods,,,,,,,,,,,,,,,,,,,,,,,,,,,medicine shoppe,,,,,,,,,
,,,,,,,,,,,,,,,,,,,,,,,,,,,,,,,,,,,tim hortons,,,,,,,,,,,,,,,,,,,,,,,,,,,drug,,,,,,,,,
,,,,,,,,,,,,,,,,,,,,,,,,,,,,,,,,,,,no frills,,,,,,,,,,,,,,,,,,,,,,,,,,,polymershapes,,,,,,,,,
,,,,,,,,,,,,,,,,,,,,,,,,,,,,,,,,,,,,,,,,,,,,,,,,,,,,,,,,,,,,,,ardene,,,,,,,,,
,,,,,,,,,,,,,,,,,,,,,,,,,,,,,,,,,,,,,,,,,,,,,,,,,,,,,,,,,,,,,,fabricland,,,,,,,,,
,,,,,,,,,,,,,,,,,,,,,,,,,,,,,,,,,,,,,,,,,,,,,,,,,,,,,,,,,,,,,,hugo boss,,,,,,,,,
,,,,,,,,,,,,,,,,,,,,,,,,,,,,,,,,,,,,,,,,,,,,,,,,,,,,,,,,,,,,,,walmart,,,,,,,,,
,,,,,,,,,,,,,,,,,,,,,,,,,,,,,,,,,,,,,,,,,,,,,,,,,,,,,,,,,,,,,,healthcare solutions,,,,,,,,,
,,,,,,,,,,,,,,,,,,,,,,,,,,,,,,,,,,,,,,,,,,,,,,,,,,,,,,,,,,,,,,calvin klein,,,,,,,,,
,,,,,,,,,,,,,,,,,,,,,,,,,,,,,,,,,,,,,,,,,,,,,,,,,,,,,,,,,,,,,,hajars halal meats,,,,,,,,,
,,,,,,,,,,,,,,,,,,,,,,,,,,,,,,,,,,,,,,,,,,,,,,,,,,,,,,,,,,,,,,gap,,,,,,,,,
,,,,,,,,,,,,,,,,,,,,,,,,,,,,,,,,,,,,,,,,,,,,,,,,,,,,,,,,,,,,,,show warehouse,,,,,,,,,
,,,,,,,,,,,,,,,,,,,,,,,,,,,,,,,,,,,,,,,,,,,,,,,,,,,,,,,,,,,,,,thebay,,,,,,,,,
,,,,,,,,,,,,,,,,,,,,,,,,,,,,,,,,,,,,,,,,,,,,,,,,,,,,,,,,,,,,,,puma,,,,,,,,,
,,,,,,,,,,,,,,,,,,,,,,,,,,,,,,,,,,,,,,,,,,,,,,,,,,,,,,,,,,,,,,old navy,,,,,,,,,
,,,,,,,,,,,,,,,,,,,,,,,,,,,,,,,,,,,,,,,,,,,,,,,,,,,,,,,,,,,,,,softmoc,,,,,,,,,
,,,,,,,,,,,,,,,,,,,,,,,,,,,,,,,,,,,,,,,,,,,,,,,,,,,,,,,,,,,,,,ikea,,,,,,,,,
,,,,,,,,,,,,,,,,,,,,,,,,,,,,,,,,,,,,,,,,,,,,,,,,,,,,,,,,,,,,,,visions electronics,,,,,,,,,
,,,,,,,,,,,,,,,,,,,,,,,,,,,,,,,,,,,,,,,,,,,,,,,,,,,,,,,,,,,,,,wayfair,,,,,,,,,
,,,,,,,,,,,,,,,,,,,,,,,,,,,,,,,,,,,,,,,,,,,,,,,,,,,,,,,,,,,,,,nike,,,,,,,,,
,,,,,,,,,,,,,,,,,,,,,,,,,,,,,,,,,,,,,,,,,,,,,,,,,,,,,,,,,,,,,,shoe warehouse,,,,,,,,,
,,,,,,,,,,,,,,,,,,,,,,,,,,,,,,,,,,,,,,,,,,,,,,,,,,,,,,,,,,,,,,lululemon,,,,,,,,,
