Date,ate 2,Payee,Amount,Memo,OrigPayee,Expense Type
2/22/2021,2/23/2021,payment - thank you paiement - merci,413.68,,PAYMENT - THANK YOU / PAIEMENT - MERCI,Payments
2/23/2021,2/24/2021,payment - thank you paiement - merci,443.84,,PAYMENT - THANK YOU / PAIEMENT - MERCI,Payments
2/24/2021,2/25/2021,payment - thank you paiement - merci,295.82,,PAYMENT - THANK YOU / PAIEMENT - MERCI,Payments
2/25/2021,2/26/2021,payment - thank you paiement - merci,264.78,,PAYMENT - THANK YOU / PAIEMENT - MERCI,Payments
2/27/2021,3/1/2021,payment - thank you paiement - merci,306.55,,PAYMENT - THANK YOU / PAIEMENT - MERCI,Payments
3/3/2021,3/4/2021,payment - thank you paiement - merci,196.37,,PAYMENT - THANK YOU / PAIEMENT - MERCI,Payments
3/4/2021,3/5/2021,payment - thank you paiement - merci,206.63,,PAYMENT - THANK YOU / PAIEMENT - MERCI,Payments
3/9/2021,3/9/2021,payment - thank you paiement - merci,480.49,,PAYMENT - THANK YOU / PAIEMENT - MERCI,Payments
3/10/2021,3/10/2021,payment - thank you paiement - merci,221.54,,PAYMENT - THANK YOU / PAIEMENT - MERCI,Payments
3/12/2021,3/15/2021,payment - thank you paiement - merci,274.37,,PAYMENT - THANK YOU / PAIEMENT - MERCI,Payments
3/17/2021,3/17/2021,payment - thank you paiement - merci,388.28,,PAYMENT - THANK YOU / PAIEMENT - MERCI,Payments
3/19/2021,3/22/2021,payment - thank you paiement - merci,695.39,,PAYMENT - THANK YOU / PAIEMENT - MERCI,Payments
2/22/2021,2/24/2021,shaw cablesystems calgary ab,-63,,SHAW CABLESYSTEMS CALGARY AB,Internet
2/23/2021,2/23/2021,amzn mktp ca3915c02a3 www.amazon.caon,-16.99,,AMZN MKTP CA*3915C02A3 WWW.AMAZON.CAON,Supplies
2/23/2021,2/23/2021,amzn mktp cacj6w81ix3 www.amazon.caon,-15.99,,AMZN MKTP CA*CJ6W81IX3 WWW.AMAZON.CAON,Supplies
2/23/2021,2/23/2021,amzn mktp caj13ki3as3 www.amazon.caon,-20.97,,AMZN MKTP CA*J13KI3AS3 WWW.AMAZON.CAON,Supplies
2/25/2021,3/1/2021,sobeys namao ,-8.08,,SOBEYS NAMAO #5480 EDMONTON AB,Supplies
2/26/2021,3/1/2021,marshalls 745 ,-35.12,,MARSHALLS 745 EDMONTON AB,Undefined
2/26/2021,3/1/2021,eb games 883 ,-28.33,,EB GAMES 883 EDMONTON AB,Undefined
2/26/2021,3/1/2021,khan kebabs ,-335.5,,KHAN KEBABS EDMONTON AB,Meals and entertainment
2/28/2021,3/2/2021,googlegoogle storage internet,-2.79,,GOOGLE*GOOGLE STORAGE INTERNET NS,Undefined
2/28/2021,3/1/2021,paypal playstation 4029357733,-79.99,,PAYPAL *PLAYSTATION 4029357733 ON,Undefined
3/1/2021,3/4/2021,sobeys namao ,-9.06,,SOBEYS NAMAO #5480 EDMONTON AB,Supplies
3/1/2021,3/1/2021,amzn mktp ca0561t4xa3 www.amazon.caon,-20.99,,AMZN MKTP CA*0561T4XA3 WWW.AMAZON.CAON,Supplies
3/2/2021,3/4/2021,j2 myfax services,-12.98,,J2 *MYFAX SERVICES 877-437-3607 CA,Undefined
3/3/2021,3/4/2021,amzn mktp caqb6hp7uk3 www.amazon.caon,-45.39,,AMZN MKTP CA*QB6HP7UK3 WWW.AMAZON.CAON,Supplies
3/3/2021,3/3/2021,tim hortons ,-2.49,,TIM HORTONS #2282 EDMONTON AB,Meals and entertainment
3/4/2021,3/4/2021,skipthedishes winnipeg,-36.38,,SKIPTHEDISHES WINNIPEG MB,Meals and entertainment
3/4/2021,3/5/2021,tradestation technolog www.tradestatfl,-128.83,,TRADESTATION TECHNOLOG WWW.TRADESTATFL,Undefined
3/4/2021,3/5/2021,j2 myfax services,-13.02,,J2 *MYFAX SERVICES 877-437-3607 CA,Undefined
3/4/2021,3/8/2021,7-eleven store ,-50,,7-ELEVEN STORE #32844 EDMONTON AB,Fuel costs
3/5/2021,3/8/2021,skipthedishes winnipeg,-64.8,,SKIPTHEDISHES WINNIPEG MB,Meals and entertainment
3/5/2021,3/8/2021,amzn mktp ca2v7xr9jc3 www.amazon.caon,-19.92,,AMZN MKTP CA*2V7XR9JC3 WWW.AMAZON.CAON,Supplies
3/5/2021,3/5/2021,amzn mktp ca501py0i23 www.amazon.caon,-41.76,,AMZN MKTP CA*501PY0I23 WWW.AMAZON.CAON,Supplies
3/5/2021,3/8/2021,almadina halal meat & ,-79.55,,ALMADINA HALAL MEAT & EDMONTON AB,Undefined
3/5/2021,3/8/2021,sara folard and gifts ,-206.55,,SARA FOLARD AND GIFTS EDMONTON AB,Undefined
3/5/2021,3/8/2021,save foods ,-77.47,,SAVE ON FOODS #6667 EDMONTON AB,Supplies
3/6/2021,3/8/2021,tim hortons ,-6.9,,TIM HORTONS #1113 EDMONTON AB,Meals and entertainment
3/6/2021,3/8/2021,shaw cablesystems calgary ab,-63,,SHAW CABLESYSTEMS CALGARY AB,Internet
3/7/2021,3/9/2021,sara folard and gifts ,-136.5,,SARA FOLARD AND GIFTS EDMONTON AB,Undefined
3/7/2021,3/8/2021,paypal zohocorpora zoho-402-935-7733,-25.21,,PAYPAL *ZOHOCORPORA ZOHO-402-935-7733 CA,Undefined
3/7/2021,3/8/2021,dollarama 758 ,-17.59,,DOLLARAMA # 758 EDMONTON AB,Supplies
3/7/2021,3/8/2021,mcdonalds ,-18.84,,MCDONALD'S #40030 EDMONTON AB,Meals and entertainment
3/9/2021,3/10/2021,paypal microsoft micr 4029357733,-82.95,,PAYPAL *MICROSOFT MICR 4029357733 ON,Undefined
3/9/2021,3/12/2021,w8tech sa 7754504856,-129.43,,W8TECH SA 7754504856 NV,Undefined
3/10/2021,3/11/2021,apple.combill,-16.79,,APPLE.COM/BILL 866-712-7753 ON,Undefined
3/10/2021,3/11/2021,logmeingotoconnect logmein.com,-63.06,,LOGMEIN*GOTOCONNECT LOGMEIN.COM QC,Undefined
3/10/2021,3/15/2021,sobeys namao ,-20.58,,SOBEYS NAMAO #5480 EDMONTON AB,Supplies
3/12/2021,3/15/2021,real cdn superstore ,-100.38,,REAL CDN SUPERSTORE #1 EDMONTON AB,Undefined
3/12/2021,3/15/2021,petrocan-13205 97 street ,-106.52,,PETROCAN-13205 97 STREET EDMONTON AB,Fuel costs
3/12/2021,3/15/2021,direct energy regulated ,-268.56,,DIRECT ENERGY REGULATED EDMONTON AB,Undefined
3/13/2021,3/15/2021,intuit canada ab,-84,,INTUIT CANADA 888-843-5449 AB,Undefined
3/14/2021,3/16/2021,fruiticana ,-27.98,,FRUITICANA EDMONTON AB,Undefined
3/14/2021,3/17/2021,wal-mart supercenter1122edmonton ab,-63.63,,WAL-MART SUPERCENTER#1122EDMONTON AB,Supplies
3/14/2021,3/15/2021,paramount fine foods ,-73.99,,PARAMOUNT FINE FOODS EDMONTON AB,Meals and entertainment
3/14/2021,3/15/2021,new desi bazar ,-76.93,,NEW DESI BAZAR EDMONTON AB,Undefined
3/15/2021,3/17/2021,the home depot ,-58.68,,THE HOME DEPOT #7119 EDMONTON AB,Supplies
3/15/2021,3/17/2021,christ redeemer catholic okotoks ab,-35,,CHRIST REDEEMER CATHOLIC OKOTOKS AB,Undefined
3/15/2021,3/17/2021,ab birth certs ,-80,,AB BIRTH CERTS EDMONTON AB,Undefined
3/15/2021,3/18/2021,sobeys namao ,-6.28,,SOBEYS NAMAO #5480 EDMONTON AB,Supplies
3/17/2021,3/18/2021,amzn mktp ca5i7o17m53 www.amazon.caon,-51.98,,AMZN MKTP CA*5I7O17M53 WWW.AMAZON.CAON,Supplies
3/17/2021,3/18/2021,paypal homeschlcan 4029357733,-109.41,,PAYPAL *HOMESCHLCAN 4029357733 ON,Undefined
3/17/2021,3/18/2021,apple.combill toronto,-4.19,,APPLE.COM/BILL TORONTO ON,Undefined
3/17/2021,3/19/2021,save foods ,-16.74,,SAVE ON FOODS #6664 EDMONTON AB,Supplies
3/18/2021,3/19/2021,googledomains internet,-102,,GOOGLE*DOMAINS INTERNET NS,Undefined
3/18/2021,3/22/2021,7-eleven store ,-17.84,,7-ELEVEN STORE #37831 EDMONTON AB,Fuel costs
3/19/2021,3/22/2021,skechers kingsway mall ,-139.13,,SKECHERS KINGSWAY MALL EDMONTON AB,Undefined
3/19/2021,3/22/2021,lululemon ,-155.4,,LULULEMON #00358 EDMONTON AB,Supplies
3/19/2021,3/22/2021,dollarama 758 ,-11.03,,DOLLARAMA # 758 EDMONTON AB,Supplies
3/19/2021,3/22/2021,petrocan-12659 - 153 ave ,-128.68,,PETROCAN-12659 - 153 AVE EDMONTON AB,Fuel costs
3/20/2021,3/22/2021,vistaprvistaprint.ca,-101.95,,VISTAPR*VISTAPRINT.CA 866-8936743 ON,Supplies
3/20/2021,3/22/2021,vistaprvistaprint.ca,-5.51,,VISTAPR*VISTAPRINT.CA 866-8936743 ON,Supplies
3/20/2021,3/22/2021,eye masters family eye ,-95,,EYE MASTERS FAMILY EYE EDMONTON AB,Undefined
3/20/2021,3/22/2021,khan kebabs ,-122.33,,KHAN KEBABS EDMONTON AB,Meals and entertainment
3/21/2021,3/22/2021,cdn tire store ,-24.12,,CDN TIRE STORE #00397 EDMONTON AB,Supplies
1/23/2021,1/25/2021,payment - thank you paiement - merci,213.11,,PAYMENT - THANK YOU / PAIEMENT - MERCI,Payments
1/25/2021,1/26/2021,payment - thank you paiement - merci,411.15,,PAYMENT - THANK YOU / PAIEMENT - MERCI,Payments
1/26/2021,1/26/2021,payment - thank you paiement - merci,255.55,,PAYMENT - THANK YOU / PAIEMENT - MERCI,Payments
1/28/2021,1/28/2021,payment - thank you paiement - merci,436.9,,PAYMENT - THANK YOU / PAIEMENT - MERCI,Payments
1/30/2021,2/1/2021,payment - thank you paiement - merci,688.4,,PAYMENT - THANK YOU / PAIEMENT - MERCI,Payments
2/1/2021,2/1/2021,payment - thank you paiement - merci,553.47,,PAYMENT - THANK YOU / PAIEMENT - MERCI,Payments
2/2/2021,2/2/2021,payment - thank you paiement - merci,400.05,,PAYMENT - THANK YOU / PAIEMENT - MERCI,Payments
2/3/2021,2/3/2021,payment - thank you paiement - merci,699.3,,PAYMENT - THANK YOU / PAIEMENT - MERCI,Payments
2/4/2021,2/5/2021,payment - thank you paiement - merci,2000,,PAYMENT - THANK YOU / PAIEMENT - MERCI,Payments
2/6/2021,2/8/2021,payment - thank you paiement - merci,217.42,,PAYMENT - THANK YOU / PAIEMENT - MERCI,Payments
2/8/2021,2/8/2021,payment - thank you paiement - merci,388.67,,PAYMENT - THANK YOU / PAIEMENT - MERCI,Payments
2/9/2021,2/10/2021,payment - thank you paiement - merci,461.28,,PAYMENT - THANK YOU / PAIEMENT - MERCI,Payments
2/12/2021,2/12/2021,payment - thank you paiement - merci,355.88,,PAYMENT - THANK YOU / PAIEMENT - MERCI,Payments
2/17/2021,2/17/2021,payment - thank you paiement - merci,531.13,,PAYMENT - THANK YOU / PAIEMENT - MERCI,Payments
2/19/2021,2/19/2021,payment - thank you paiement - merci,159.15,,PAYMENT - THANK YOU / PAIEMENT - MERCI,Payments
1/21/2021,1/25/2021,myalberta fine payment ,-126,,MYALBERTA FINE PAYMENT EDMONTON AB,Payments
1/21/2021,1/25/2021,myalberta fine payment ,-270,,MYALBERTA FINE PAYMENT EDMONTON AB,Payments
1/22/2021,1/25/2021,enterprise canada c524 ,-75.27,,ENTERPRISE CANADA C524 EDMONTON AB,Undefined
1/22/2021,1/25/2021,north central co-op ,-79.49,,NORTH CENTRAL CO-OP EDMONTON AB,Undefined
1/22/2021,1/25/2021,dollarama ,-28.14,,DOLLARAMA #409 EDMONTON AB,Supplies
1/22/2021,1/25/2021,superior décor corp calgary ab,-25.2,,SUPERIOR DÉCOR CORP CALGARY AB,Undefined
1/22/2021,1/25/2021,jerusalem shawarma calgary ab,-43.39,,JERUSALEM SHAWARMA CALGARY AB,Internet
1/22/2021,1/25/2021,save foods ,-43,,SAVE ON FOODS #6664 EDMONTON AB,Supplies
1/24/2021,1/25/2021,amazon.cai39gl7z73 amazon.ca,-31.49,,AMAZON.CA*I39GL7Z73 AMAZON.CA ON,Supplies
1/24/2021,1/25/2021,marshalls 794 edmonton inteab,-47.23,,MARSHALLS 794 EDMONTON INTEAB,Undefined
1/24/2021,1/25/2021,elsafadi mediterrean markedmonton ab,-50,,ELSAFADI MEDITERREAN MARKEDMONTON AB,Supplies
1/24/2021,1/25/2021,barcelos flame grilled chedmonton ab,-37.45,,BARCELOS FLAME GRILLED CHEDMONTON AB,Undefined
1/25/2021,1/26/2021,amzn mktp cap58ui7qg3 www.amazon.caon,-39.89,,AMZN MKTP CA*P58UI7QG3 WWW.AMAZON.CAON,Supplies
1/25/2021,1/25/2021,hugo boss canada inc. concord,-333.98,,HUGO BOSS CANADA INC. CONCORD ON,Supplies
1/25/2021,1/25/2021,columbia 497 edmonton inteab,-283.47,,COLUMBIA 497 EDMONTON INTEAB,Undefined
1/25/2021,1/27/2021,shoppers drug mart ,-14.28,,SHOPPER'S DRUG MART#2374 EDMONTON AB,Meals and entertainment
1/26/2021,1/26/2021,amazon.cali47w20m3 amazon.ca,-31.49,,AMAZON.CA*LI47W20M3 AMAZON.CA ON,Supplies
1/26/2021,1/28/2021,myalberta fine payment ,-298,,MYALBERTA FINE PAYMENT EDMONTON AB,Payments
1/27/2021,1/28/2021,almadina halal meat & ,-22.8,,ALMADINA HALAL MEAT & EDMONTON AB,Undefined
1/28/2021,1/29/2021,apple.combill,-16.79,,APPLE.COM/BILL 866-712-7753 ON,Undefined
1/28/2021,2/1/2021,corpcentre.ca,-26.25,,CORPCENTRE.CA 866-9062677 QC,Undefined
1/29/2021,2/1/2021,new asian spice market ,-29.91,,NEW ASIAN SPICE MARKET EDMONTON AB,Undefined
1/29/2021,2/1/2021,dollarama 758 ,-10.89,,DOLLARAMA # 758 EDMONTON AB,Supplies
1/29/2021,2/1/2021,mcdonalds ,-18,,MCDONALD'S #40030 EDMONTON AB,Meals and entertainment
1/29/2021,2/1/2021,7-eleven store ,-75,,7-ELEVEN STORE #32844 EDMONTON AB,Fuel costs
1/29/2021,2/1/2021,allstate insurance 669 ,-1461,,ALLSTATE INSURANCE 669 EDMONTON AB,Undefined
1/31/2021,2/1/2021,googlegoogle storage internet,-2.79,,GOOGLE*GOOGLE STORAGE INTERNET NS,Undefined
1/31/2021,2/2/2021,save foods ,-22.92,,SAVE ON FOODS #6664 EDMONTON AB,Supplies
1/31/2021,2/1/2021,cdn tire store ,-26.21,,CDN TIRE STORE #00397 EDMONTON AB,Supplies
2/1/2021,2/2/2021,logmeingotoconnect logmein.com,-93.2,,LOGMEIN*GOTOCONNECT LOGMEIN.COM QC,Undefined
2/1/2021,2/2/2021,amzn mktp caox2a29s43 www.amazon.caon,-15.69,,AMZN MKTP CA*OX2A29S43 WWW.AMAZON.CAON,Supplies
2/1/2021,2/1/2021,amzn mktp caq71qo9ys3 www.amazon.caon,-41.99,,AMZN MKTP CA*Q71QO9YS3 WWW.AMAZON.CAON,Supplies
2/1/2021,2/3/2021,save foods ,-26.93,,SAVE ON FOODS #6664 EDMONTON AB,Supplies
2/2/2021,2/3/2021,www costco on,-187.94,,WWW COSTCO CA 888-426-7826 ON,Supplies
2/2/2021,2/2/2021,amazon.caht48o4ks3 amazon.ca,-25.19,,AMAZON.CA*HT48O4KS3 AMAZON.CA ON,Supplies
2/2/2021,2/2/2021,amazon.caul6x89h53 amazon.ca,-89.24,,AMAZON.CA*UL6X89H53 AMAZON.CA ON,Supplies
2/4/2021,2/4/2021,skipthedishes winnipeg,-67.56,,SKIPTHEDISHES WINNIPEG MB,Meals and entertainment
2/4/2021,2/5/2021,j2 myfax services,-13.17,,J2 *MYFAX SERVICES 877-437-3607 CA,Undefined
2/4/2021,2/5/2021,tradestation technolog www.tradestatfl,-130.37,,TRADESTATION TECHNOLOG WWW.TRADESTATFL,Undefined
2/4/2021,2/5/2021,amzn mktp cawv2qx0823 www.amazon.caon,-32.53,,AMZN MKTP CA*WV2QX0823 WWW.AMAZON.CAON,Supplies
2/4/2021,2/5/2021,& out registry ab,-1389,,IN & OUT REGISTRY NC 888-4607771 AB,Undefined
2/5/2021,2/8/2021,shoppers drug mart ,-123.89,,SHOPPER'S DRUG MART#2374 EDMONTON AB,Meals and entertainment
2/6/2021,2/9/2021,sobeys namao ,-99.74,,SOBEYS NAMAO #5480 EDMONTON AB,Supplies
2/6/2021,2/8/2021,amazon.ca017lz8kp3 amazon.ca,-161.14,,AMAZON.CA*017LZ8KP3 AMAZON.CA ON,Supplies
2/6/2021,2/8/2021,shaw cablesystems calgary ab,-63,,SHAW CABLESYSTEMS CALGARY AB,Internet
2/7/2021,2/10/2021,w8tech sa 7754504856,-130.86,,W8TECH SA 7754504856 NV,Undefined
2/7/2021,2/8/2021,paypal zohocorpora zoho-402-935-7733,-25.4,,PAYPAL *ZOHOCORPORA ZOHO-402-935-7733 CA,Undefined
2/8/2021,2/9/2021,amazon.cacx6rk1lt3 amazon.ca,-272.99,,AMAZON.CA*CX6RK1LT3 AMAZON.CA ON,Supplies
2/9/2021,2/10/2021,www costco on,-73.49,,WWW COSTCO CA 888-426-7826 ON,Supplies
2/9/2021,2/10/2021,almadina halal meat & ,-21.8,,ALMADINA HALAL MEAT & EDMONTON AB,Undefined
2/9/2021,2/11/2021,7-eleven store ,-83.08,,7-ELEVEN STORE #32844 EDMONTON AB,Fuel costs
2/10/2021,2/10/2021,amzn mktp cazl70p2lm3 www.amazon.caon,-28.99,,AMZN MKTP CA*ZL70P2LM3 WWW.AMAZON.CAON,Supplies
2/10/2021,2/11/2021,amzn mktp cau21w85ki3 www.amazon.caon,-20.09,,AMZN MKTP CA*U21W85KI3 WWW.AMAZON.CAON,Supplies
2/10/2021,2/11/2021,logmeingotoconnect logmein.com,-28.59,,LOGMEIN*GOTOCONNECT LOGMEIN.COM QC,Undefined
2/11/2021,2/11/2021,tim hortons ,-5.07,,TIM HORTONS #2282 EDMONTON AB,Meals and entertainment
2/11/2021,2/15/2021,save foods ,-40.52,,SAVE ON FOODS #6664 EDMONTON AB,Supplies
2/12/2021,2/15/2021,tim hortons ,-2.49,,TIM HORTONS #2282 EDMONTON AB,Meals and entertainment
2/12/2021,2/15/2021,direct energy regulated ,-162.83,,DIRECT ENERGY REGULATED EDMONTON AB,Undefined
2/12/2021,2/15/2021,dollarama 758 ,-9.45,,DOLLARAMA # 758 EDMONTON AB,Supplies
2/12/2021,2/15/2021,shoppers drug mart 2370 ,-59.32,,SHOPPER'S DRUG MART 2370 EDMONTON AB,Meals and entertainment
2/12/2021,2/15/2021,save foods ,-16.95,,SAVE ON FOODS #6667 EDMONTON AB,Supplies
2/13/2021,2/15/2021,intuit canada ab,-84,,INTUIT CANADA 888-843-5449 AB,Undefined
2/13/2021,2/15/2021,marshalls 745 ,-34.57,,MARSHALLS 745 EDMONTON AB,Undefined
2/13/2021,2/15/2021,cookies by george ,-12,,COOKIES BY GEORGE EDMONTON AB,Undefined
2/13/2021,2/15/2021,the bedouins restaurant ,-92.35,,THE BEDOUINS RESTAURANT EDMONTON AB,Meals and entertainment
2/14/2021,2/16/2021,paypal contactlens 4029357733,-105.02,,PAYPAL *CONTACTLENS 4029357733 ON,Undefined
2/14/2021,2/15/2021,sephora kingsway mall ,-209.27,,SEPHORA KINGSWAY MALL EDMONTON AB,Meals and entertainment
2/14/2021,2/15/2021,winners 232 ,-84.63,,WINNERS 232 EDMONTON AB,Undefined
2/14/2021,2/15/2021,real cdn superstore ,-46.23,,REAL CDN SUPERSTORE #1 EDMONTON AB,Undefined
2/15/2021,2/16/2021,j2 myfax services,-13.02,,J2 *MYFAX SERVICES 877-437-3607 CA,Undefined
2/15/2021,2/16/2021,corpcentre.ca,-26.25,,CORPCENTRE.CA 866-9062677 QC,Undefined
2/15/2021,2/15/2021,lululemoncom,-144.9,,LULULEMONCOM* 877-263-9300 BC,Supplies
2/16/2021,2/17/2021,amazon.call4pr2373 amazon.ca,-50,,AMAZON.CA*LL4PR2373 AMAZON.CA ON,Supplies
2/16/2021,2/17/2021,j2 myfax services,-13.02,,J2 *MYFAX SERVICES 877-437-3607 CA,Undefined
2/17/2021,2/18/2021,apple.combill,-4.19,,APPLE.COM/BILL 866-712-7753 ON,Undefined
2/17/2021,2/18/2021,skipthedishes winnipeg,-20.88,,SKIPTHEDISHES WINNIPEG MB,Meals and entertainment
2/18/2021,2/18/2021,tim hortons ,-2.49,,TIM HORTONS #2282 EDMONTON AB,Meals and entertainment
2/18/2021,2/22/2021,petrocan-16441-97th st.nwedmonton ab,-87.97,,PETROCAN-16441-97TH ST.NWEDMONTON AB,Fuel costs
2/19/2021,2/22/2021,real cdn superstore ,-178.8,,REAL CDN SUPERSTORE #1 EDMONTON AB,Undefined
2/19/2021,2/22/2021,dollarama ,-18.05,,DOLLARAMA #409 EDMONTON AB,Supplies
2/19/2021,2/22/2021,mcdonalds ,-8.15,,MCDONALD'S #14494 EDMONTON AB,Meals and entertainment
2/20/2021,2/22/2021,amzn mktp ca3t5vx2913 www.amazon.caon,-59.98,,AMZN MKTP CA*3T5VX2913 WWW.AMAZON.CAON,Supplies
2/20/2021,2/22/2021,almadina halal meat & ,-10.5,,ALMADINA HALAL MEAT & EDMONTON AB,Undefined
6/29/2021,6/29/2021,payment - thank you paiement - merci,465.19,,PAYMENT - THANK YOU / PAIEMENT - MERCI,Payments
7/6/2021,7/6/2021,payment - thank you paiement - merci,444.64,,PAYMENT - THANK YOU / PAIEMENT - MERCI,Payments
6/22/2021,6/24/2021,shaw cablesystems calgary ab,-131.25,,SHAW CABLESYSTEMS CALGARY AB,Internet
6/22/2021,6/23/2021,raoab hunt&fish burnaby,-34.47,,RAO*AB HUNT&FISH BURNABY BC,Undefined
6/22/2021,6/23/2021,raoab hunt&fish burnaby,-45.38,,RAO*AB HUNT&FISH BURNABY BC,Undefined
6/22/2021,6/23/2021,real cdn superstore ,-201.88,,REAL CDN SUPERSTORE #1 EDMONTON AB,Undefined
6/23/2021,6/24/2021,castle bake restaurant ,-8.93,,CASTLE BAKE RESTAURANT EDMONTON AB,Meals and entertainment
6/24/2021,6/25/2021,amazon.ca210qn08y0 amazon.ca,-111.5,,AMAZON.CA*210QN08Y0 AMAZON.CA ON,Supplies
6/24/2021,6/25/2021,payment - thank you paiement - merci,1375,,PAYMENT - THANK YOU / PAIEMENT - MERCI,Payments
6/25/2021,6/25/2021,amzn mktp ca213941sm0 www.amazon.caon,-45.99,,AMZN MKTP CA*213941SM0 WWW.AMAZON.CAON,Supplies
6/25/2021,6/28/2021,telus pre-auth payment ab,-103.95,,TELUS PRE-AUTH PAYMENT 780-4932237 AB,Telephone and telecommunications
6/25/2021,6/28/2021,turquaz kebab house ,-71.94,,TURQUAZ KEBAB HOUSE EDMONTON AB,Meals and entertainment
6/25/2021,6/28/2021,mcdonalds ,-18.42,,MCDONALD'S #40030 EDMONTON AB,Meals and entertainment
6/25/2021,6/28/2021,save foods ,-103.96,,SAVE ON FOODS #6664 EDMONTON AB,Supplies
6/26/2021,6/28/2021,w8tech sa 7754504856,-126.39,,W8TECH SA 7754504856 CA,Undefined
6/27/2021,6/29/2021,save foods ,-28.14,,SAVE ON FOODS #6667 EDMONTON AB,Supplies
6/27/2021,6/29/2021,save foods ,-11.78,,SAVE ON FOODS #6667 EDMONTON AB,Supplies
6/27/2021,6/28/2021,amazon.ca216nj19i0 amazon.ca,-23.12,,AMAZON.CA*216NJ19I0 AMAZON.CA ON,Supplies
6/27/2021,6/28/2021,amzn mktp ca292j44jq1 www.amazon.caon,-15.97,,AMZN MKTP CA*292J44JQ1 WWW.AMAZON.CAON,Supplies
6/27/2021,6/28/2021,doordashshish shawarm downtown toroon,-29,,DOORDASH*SHISH SHAWARM DOWNTOWN TOROON,Internet
6/27/2021,6/28/2021,almadina halal meat & ,-21.64,,ALMADINA HALAL MEAT & EDMONTON AB,Undefined
6/28/2021,6/30/2021,cedar sweets ltd ,-31,,CEDAR SWEETS LTD EDMONTON AB,Undefined
6/28/2021,6/29/2021,payment - thank you paiement - merci,375,,PAYMENT - THANK YOU / PAIEMENT - MERCI,Payments
6/30/2021,6/30/2021,amzn mktp ca298xe9xs1 www.amazon.caon,-24.95,,AMZN MKTP CA*298XE9XS1 WWW.AMAZON.CAON,Supplies
6/30/2021,7/2/2021,doordashthe bedouins downtown toroon,-29.02,,DOORDASH*THE BEDOUINS DOWNTOWN TOROON,Undefined
6/30/2021,7/2/2021,corpcentre.ca,-26.25,,CORPCENTRE.CA 866-9062677 QC,Undefined
6/30/2021,7/2/2021,22568 macs conv. stores ,-11.95,,22568 MACS CONV. STORES EDMONTON AB,Undefined
6/30/2021,7/2/2021,stockscores.com kelowna,-204.75,,STOCKSCORES.COM KELOWNA BC,Undefined
6/30/2021,7/2/2021,googlegoogle storage internet,-2.79,,GOOGLE*GOOGLE STORAGE INTERNET NS,Undefined
6/30/2021,7/2/2021,7-eleven store ,-17.84,,7-ELEVEN STORE #37831 EDMONTON AB,Fuel costs
6/30/2021,7/2/2021,shoppers drug mart ,-11.82,,SHOPPER'S DRUG MART#2374 EDMONTON AB,Meals and entertainment
7/1/2021,7/2/2021,dollarama 758 ,-27.3,,DOLLARAMA # 758 EDMONTON AB,Supplies
7/1/2021,7/2/2021,tim hortons ,-2.49,,TIM HORTONS #2282 EDMONTON AB,Meals and entertainment
7/1/2021,7/2/2021,tim hortons ,-10.3,,TIM HORTONS #1645 EDMONTON AB,Meals and entertainment
7/2/2021,7/5/2021,petrocan-14110- 127 st nwedmonton ab,-75.52,,PETROCAN-14110- 127 ST NWEDMONTON AB,Fuel costs
7/2/2021,7/5/2021,the home depot ,-52.91,,THE HOME DEPOT #7119 EDMONTON AB,Supplies
7/2/2021,7/5/2021,the home depot ,-10.97,,THE HOME DEPOT #7119 EDMONTON AB,Supplies
7/2/2021,7/5/2021,sobeys namao ,-99.09,,SOBEYS NAMAO #5480 EDMONTON AB,Supplies
7/3/2021,7/5/2021,amzn mktp ca294em54z2 www.amazon.caon,-14.69,,AMZN MKTP CA*294EM54Z2 WWW.AMAZON.CAON,Supplies
7/3/2021,7/5/2021,platinum laser ltd. ,-57.75,,PLATINUM LASER LTD. EDMONTON AB,Undefined
7/3/2021,7/5/2021,the bedouins restaurant ,-51.98,,THE BEDOUINS RESTAURANT EDMONTON AB,Meals and entertainment
7/4/2021,7/5/2021,amzn mktp ca299043e40 www.amazon.caon,-82.82,,AMZN MKTP CA*299043E40 WWW.AMAZON.CAON,Supplies
7/4/2021,7/5/2021,j2 myfax services,-12.76,,J2 *MYFAX SERVICES 877-437-3607 CA,Undefined
7/5/2021,7/7/2021,save foods ,-20.55,,SAVE ON FOODS #6664 EDMONTON AB,Supplies
7/5/2021,7/7/2021,shoppers drug mart ,-21.81,,SHOPPER'S DRUG MART#2374 EDMONTON AB,Meals and entertainment
7/5/2021,7/6/2021,payment - thank you paiement - merci,590.5,,PAYMENT - THANK YOU / PAIEMENT - MERCI,Payments
7/5/2021,7/6/2021,cdn tire store ,-95.2,,CDN TIRE STORE #00397 EDMONTON AB,Supplies
7/6/2021,7/7/2021,amazon.ca2909b3911 amazon.ca,-56.28,,AMAZON.CA*2909B3911 AMAZON.CA ON,Supplies
7/6/2021,7/8/2021,shoppers drug mart ,-41.4,,SHOPPER'S DRUG MART#2374 EDMONTON AB,Meals and entertainment
7/6/2021,7/8/2021,shoppers drug mart ,-20.98,,SHOPPER'S DRUG MART#2374 EDMONTON AB,Meals and entertainment
7/6/2021,7/8/2021,petrocan-16441-97th st.nwedmonton ab,-134.58,,PETROCAN-16441-97TH ST.NWEDMONTON AB,Fuel costs
7/8/2021,7/9/2021,tradestation technolog www.tradestatfl,-127.79,,TRADESTATION TECHNOLOG WWW.TRADESTATFL,Undefined
7/8/2021,7/9/2021,apple.combill,-16.79,,APPLE.COM/BILL 866-712-7753 ON,Undefined
7/8/2021,7/12/2021,khan kebabs ,-80.59,,KHAN KEBABS EDMONTON AB,Meals and entertainment
7/8/2021,7/9/2021,payment - thank you paiement - merci,685,,PAYMENT - THANK YOU / PAIEMENT - MERCI,Payments
7/9/2021,7/12/2021,almadina halal meat & ,-30.1,,ALMADINA HALAL MEAT & EDMONTON AB,Undefined
7/10/2021,7/12/2021,logmeingotoconnect logmein.com,-42.86,,LOGMEIN*GOTOCONNECT LOGMEIN.COM QC,Undefined
7/10/2021,7/12/2021,petrocan-16441-97th st.nwedmonton ab,-86.66,,PETROCAN-16441-97TH ST.NWEDMONTON AB,Fuel costs
7/11/2021,7/13/2021,save foods ,-96.78,,SAVE ON FOODS #6664 EDMONTON AB,Supplies
7/11/2021,7/12/2021,amazon.ca2e60p5ln1 amazon.ca,-16.8,,AMAZON.CA*2E60P5LN1 AMAZON.CA ON,Supplies
7/12/2021,7/13/2021,direct energy regulated ,-80.03,,DIRECT ENERGY REGULATED EDMONTON AB,Undefined
7/12/2021,7/13/2021,amzn mktp ca294ep29o0 www.amazon.caon,-48.29,,AMZN MKTP CA*294EP29O0 WWW.AMAZON.CAON,Supplies
7/12/2021,7/13/2021,paypal carfax can. 18668358612,-58.9,,PAYPAL *CARFAX CAN. 18668358612 ON,Undefined
7/12/2021,7/13/2021,quickbooks ab,-84,,QUICKBOOKS 888-829-8589 AB,Computer-related expenses
7/12/2021,7/13/2021,cabelas canada ,-82,,CABELA'S CANADA EDMONTON AB,Undefined
7/13/2021,7/15/2021,save foods ,-32.65,,SAVE ON FOODS #6667 EDMONTON AB,Supplies
7/13/2021,7/15/2021,7-eleven store ,-17.84,,7-ELEVEN STORE #37831 EDMONTON AB,Fuel costs
7/13/2021,7/14/2021,new asian spice market ,-21.56,,NEW ASIAN SPICE MARKET EDMONTON AB,Undefined
7/13/2021,7/14/2021,cipo-opicgc9412284 gatineau,-336.6,,CIPO-OPIC/GC/9412284 GATINEAU QC,Undefined
7/14/2021,7/15/2021,& out registry ab,-1760.75,,IN & OUT REGISTRY NC 888-4607771 AB,Undefined
7/14/2021,7/16/2021,save foods ,-74.05,,SAVE ON FOODS #6664 EDMONTON AB,Supplies
7/14/2021,7/15/2021,payment - thank you paiement - merci,1227.5,,PAYMENT - THANK YOU / PAIEMENT - MERCI,Payments
7/14/2021,7/15/2021,parkscan-banff np gatineau,-85.1,,PARKSCAN-BANFF NP GATINEAU QC,Undefined
7/15/2021,7/15/2021,amzn mktp ca291kv0in2 www.amazon.caon,-17.86,,AMZN MKTP CA*291KV0IN2 WWW.AMAZON.CAON,Supplies
7/15/2021,7/16/2021,parkscan-jasper np jasper ab,80.81,,PARKSCAN-JASPER NP JASPER AB,Undefined
7/16/2021,7/16/2021,winners 232 ,-134.26,,WINNERS 232 EDMONTON AB,Undefined
7/16/2021,7/19/2021,london drugs 21 ,-31.48,,LONDON DRUGS 21 EDMONTON AB,Supplies
7/16/2021,7/19/2021,1013 saje kingsway ,-140.7,,1013 SAJE KINGSWAY EDMONTON AB,Undefined
7/16/2021,7/19/2021,buckskin leather company ,-71.3,,BUCKSKIN LEATHER COMPANY EDMONTON AB,Undefined
7/16/2021,7/19/2021,petrocan-13205 97 street ,-96.67,,PETROCAN-13205 97 STREET EDMONTON AB,Fuel costs
7/17/2021,7/19/2021,apple.combill,-4.19,,APPLE.COM/BILL 866-712-7753 ON,Undefined
7/17/2021,7/19/2021,paypal guwanyuanba 4029357733,-76.23,,PAYPAL *GUWANYUANBA 4029357733 ON,Undefined
7/17/2021,7/19/2021,paypal muslimedmon 4029357733 ab,-26.87,,PAYPAL *MUSLIMEDMON 4029357733 AB,Donations
7/17/2021,7/19/2021,homesense 029 ,-52.44,,HOMESENSE 029 EDMONTON AB,Undefined
7/17/2021,7/19/2021,7 days convenience sto ,-3,,7 DAYS CONVENIENCE STO EDMONTON AB,Undefined
7/18/2021,7/19/2021,shoppers drug mart 2370 ,-7.42,,SHOPPER'S DRUG MART 2370 EDMONTON AB,Meals and entertainment
7/18/2021,7/19/2021,sport chek ,-120.64,,#314 SPORT CHEK EDMONTON AB,Supplies
7/18/2021,7/20/2021,save foods ,-15.5,,SAVE ON FOODS #6667 EDMONTON AB,Supplies
7/18/2021,7/20/2021,disney store ,-26.76,,DISNEY STORE #903 EDMONTON AB,Undefined
7/18/2021,7/20/2021,morphe-west ,-35.7,,MORPHE-WEST EDMONTON EDMONTON AB,Undefined
7/18/2021,7/19/2021,opulence clothing inc. ,-331.38,,OPULENCE CLOTHING INC. EDMONTON AB,Undefined
7/18/2021,7/19/2021,real cdn superstore ,-160.36,,REAL CDN SUPERSTORE #1 EDMONTON AB,Undefined
7/18/2021,7/19/2021,amzn mktp ca2e0s16ew0 www.amazon.caon,-39.99,,AMZN MKTP CA*2E0S16EW0 WWW.AMAZON.CAON,Supplies
7/18/2021,7/19/2021,tim hortons ,-6.47,,TIM HORTONS #2282 EDMONTON AB,Meals and entertainment
7/18/2021,7/19/2021,real cdn superstore ,-2,,REAL CDN SUPERSTORE #1 EDMONTON AB,Undefined
7/19/2021,7/20/2021,amzn mktp ca2e40t9140 www.amazon.caon,-40.3,,AMZN MKTP CA*2E40T9140 WWW.AMAZON.CAON,Supplies
7/19/2021,7/20/2021,amazon.ca2e2hp9120 amazon.ca,-31.49,,AMAZON.CA*2E2HP9120 AMAZON.CA ON,Supplies
7/19/2021,7/20/2021,almadina halal meat & ,-39.8,,ALMADINA HALAL MEAT & EDMONTON AB,Undefined
7/19/2021,7/21/2021,save foods ,-23.71,,SAVE ON FOODS #6664 EDMONTON AB,Supplies
7/19/2021,7/20/2021,payment - thank you paiement - merci,1000.99,,PAYMENT - THANK YOU / PAIEMENT - MERCI,Payments
7/19/2021,7/20/2021,petrocan-16441-97th st.nwedmonton ab,-51.88,,PETROCAN-16441-97TH ST.NWEDMONTON AB,Fuel costs
7/20/2021,7/20/2021,amzn mktp ca2e35l7aa2 www.amazon.caon,-94.86,,AMZN MKTP CA*2E35L7AA2 WWW.AMAZON.CAON,Supplies
7/20/2021,7/21/2021,amzn mktp ca2e3xx62v1 www.amazon.caon,-30.44,,AMZN MKTP CA*2E3XX62V1 WWW.AMAZON.CAON,Supplies
7/20/2021,7/21/2021,uber trip help.uber.comon,-19.25,,UBER *TRIP HELP.UBER.COMON,Undefined
7/20/2021,7/21/2021,petrocan-10016 104 ave westlock ab,-74.68,,PETROCAN-10016 104 AVE WESTLOCK AB,Fuel costs
7/21/2021,7/22/2021,dollarama ,-12.86,,DOLLARAMA #1058 EDMONTON AB,Supplies
7/22/2021,7/22/2021,amzn mktp ca2e9o20u51 www.amazon.caon,-81,,AMZN MKTP CA*2E9O20U51 WWW.AMAZON.CAON,Supplies
3/24/2021,3/25/2021,payment - thank you paiement - merci,922.06,,PAYMENT - THANK YOU / PAIEMENT - MERCI,Payments
4/1/2021,4/1/2021,payment - thank you paiement - merci,383.22,,PAYMENT - THANK YOU / PAIEMENT - MERCI,Payments
4/6/2021,4/6/2021,payment - thank you paiement - merci,827.95,,PAYMENT - THANK YOU / PAIEMENT - MERCI,Payments
4/7/2021,4/8/2021,payment - thank you paiement - merci,904.81,,PAYMENT - THANK YOU / PAIEMENT - MERCI,Payments
4/10/2021,4/12/2021,payment - thank you paiement - merci,800,,PAYMENT - THANK YOU / PAIEMENT - MERCI,Payments
4/12/2021,4/12/2021,payment - thank you paiement - merci,400.16,,PAYMENT - THANK YOU / PAIEMENT - MERCI,Payments
4/14/2021,4/14/2021,payment - thank you paiement - merci,1348.6,,PAYMENT - THANK YOU / PAIEMENT - MERCI,Payments
4/15/2021,4/15/2021,payment - thank you paiement - merci,491.41,,PAYMENT - THANK YOU / PAIEMENT - MERCI,Payments
4/16/2021,4/16/2021,payment - thank you paiement - merci,635.01,,PAYMENT - THANK YOU / PAIEMENT - MERCI,Payments
4/17/2021,4/19/2021,payment - thank you paiement - merci,894.25,,PAYMENT - THANK YOU / PAIEMENT - MERCI,Payments
4/19/2021,4/19/2021,payment - thank you paiement - merci,509.87,,PAYMENT - THANK YOU / PAIEMENT - MERCI,Payments
4/21/2021,4/21/2021,payment - thank you paiement - merci,627.97,,PAYMENT - THANK YOU / PAIEMENT - MERCI,Payments
3/22/2021,3/23/2021,moneythumb httpswww.moneca,-719.98,,MONEYTHUMB HTTPSWWW.MONECA,Undefined
3/22/2021,3/24/2021,shaw cablesystems calgary ab,-131.25,,SHAW CABLESYSTEMS CALGARY AB,Internet
3/22/2021,3/25/2021,sobeys namao ,-9.33,,SOBEYS NAMAO #5480 EDMONTON AB,Supplies
3/23/2021,3/23/2021,amzn mktp cax78r378n3 www.amazon.caon,-23.09,,AMZN MKTP CA*X78R378N3 WWW.AMAZON.CAON,Supplies
3/24/2021,3/29/2021,shoppers drug mart ,-123.14,,SHOPPER'S DRUG MART#2374 EDMONTON AB,Meals and entertainment
3/24/2021,3/25/2021,corpcentre.ca,-26.25,,CORPCENTRE.CA 866-9062677 QC,Undefined
3/24/2021,3/26/2021,7-eleven store ,-6.27,,7-ELEVEN STORE #37299 EDMONTON AB,Fuel costs
3/24/2021,3/25/2021,remedy 124 st ,-12.5,,REMEDY 124 ST EDMONTON AB,Undefined
3/25/2021,3/25/2021,intuit canada ab,-825.44,,INTUIT CANADA 888-843-5449 AB,Undefined
3/26/2021,3/29/2021,almadina halal meat & ,-37.45,,ALMADINA HALAL MEAT & EDMONTON AB,Undefined
3/26/2021,3/29/2021,real cdn superstore ,-176.18,,REAL CDN SUPERSTORE #1 EDMONTON AB,Undefined
3/26/2021,3/29/2021,mcdonalds ,-18.84,,MCDONALD'S #40030 EDMONTON AB,Meals and entertainment
3/27/2021,3/29/2021,save foods ,-5,,SAVE ON FOODS #6664 EDMONTON AB,Supplies
3/28/2021,3/29/2021,browns kingsway mall ,-120.75,,BROWNS KINGSWAY MALL #67 EDMONTON AB,Undefined
3/28/2021,3/30/2021,quilts etc ,-83.99,,QUILTS ETC #785 EDMONTON AB,Undefined
3/28/2021,3/30/2021,the childrens place 322edmonton ab,-81.59,,THE CHILDREN'S PLACE #322EDMONTON AB,Undefined
3/28/2021,3/29/2021,apple.combill,-16.79,,APPLE.COM/BILL 866-712-7753 ON,Undefined
3/29/2021,3/30/2021,payment - thank you paiement - merci,1000,,PAYMENT - THANK YOU / PAIEMENT - MERCI,Payments
3/29/2021,3/30/2021,payment - thank you paiement - merci,1721,,PAYMENT - THANK YOU / PAIEMENT - MERCI,Payments
3/30/2021,3/31/2021,rv city morinville ab,-500,,RV CITY MORINVILLE AB,Undefined
3/31/2021,3/31/2021,skipthedishes winnipeg,-73.86,,SKIPTHEDISHES WINNIPEG MB,Meals and entertainment
3/31/2021,4/5/2021,googlegoogle storage internet,-2.79,,GOOGLE*GOOGLE STORAGE INTERNET NS,Undefined
4/1/2021,4/5/2021,eyecon optometry ,-507.5,,EYECON OPTOMETRY EDMONTON AB,Undefined
4/1/2021,4/5/2021,real cdn superstore ,-75.46,,REAL CDN SUPERSTORE #1 EDMONTON AB,Undefined
4/2/2021,4/5/2021,new asian spice market ,-14.74,,NEW ASIAN SPICE MARKET EDMONTON AB,Undefined
4/2/2021,4/5/2021,real cdn superstore ,-23.8,,REAL CDN SUPERSTORE #1 EDMONTON AB,Undefined
4/2/2021,4/5/2021,real cdn superstore ,18.06,,REAL CDN SUPERSTORE #1 EDMONTON AB,Undefined
4/4/2021,4/5/2021,dollarama 758 ,-25.59,,DOLLARAMA # 758 EDMONTON AB,Supplies
4/4/2021,4/5/2021,amzn mktp caba6kw0qb3 www.amazon.caon,-72.35,,AMZN MKTP CA*BA6KW0QB3 WWW.AMAZON.CAON,Supplies
4/4/2021,4/5/2021,skipthedishes winnipeg,-71.36,,SKIPTHEDISHES WINNIPEG MB,Meals and entertainment
4/4/2021,4/5/2021,tim hortons ,-24.56,,TIM HORTONS #1645 EDMONTON AB,Meals and entertainment
4/4/2021,4/5/2021,j2 myfax services,-12.9,,J2 *MYFAX SERVICES 877-437-3607 CA,Undefined
4/4/2021,4/6/2021,wendys ,-4.81,,WENDY'S EDMONTON AB,Undefined
4/5/2021,4/6/2021,amzn mktp cavp3my5gq3 www.amazon.caon,-20.89,,AMZN MKTP CA*VP3MY5GQ3 WWW.AMAZON.CAON,Supplies
4/5/2021,4/6/2021,corpcentre.ca,-26.25,,CORPCENTRE.CA 866-9062677 QC,Undefined
4/7/2021,4/8/2021,paypal zohocorpora zoho-402-935-7733,-24.9,,PAYPAL *ZOHOCORPORA ZOHO-402-935-7733 CA,Undefined
4/7/2021,4/8/2021,E & L lighting ,-729.67,,E & L LIGHTING EDMONTON AB,Undefined
4/7/2021,4/8/2021,paramount fine foods ,-175.21,,PARAMOUNT FINE FOODS EDMONTON AB,Meals and entertainment
4/8/2021,4/9/2021,tradestation technolog www.tradestatfl,-128.16,,TRADESTATION TECHNOLOG WWW.TRADESTATFL,Undefined
4/8/2021,4/9/2021,paypal overdrivefz 4029357733,-2171.47,,PAYPAL *OVERDRIVEFZ 4029357733 ON,Undefined
4/9/2021,4/12/2021,almadina halal meat & ,-96.85,,ALMADINA HALAL MEAT & EDMONTON AB,Undefined
4/9/2021,4/12/2021,parkscan-jasper np jasper ab,-256.48,,PARKSCAN-JASPER NP JASPER AB,Undefined
4/9/2021,4/12/2021,shaw cablesystems calgary ab,-69,,SHAW CABLESYSTEMS CALGARY AB,Internet
4/9/2021,4/12/2021,sobeys beaumaris ,-22.34,,SOBEYS BEAUMARIS #1072 EDMONTON AB,Supplies
4/10/2021,4/12/2021,logmeingotoconnect logmein.com,-42.86,,LOGMEIN*GOTOCONNECT LOGMEIN.COM QC,Undefined
4/11/2021,4/13/2021,save foods ,-21.56,,SAVE ON FOODS #6664 EDMONTON AB,Supplies
4/11/2021,4/13/2021,sara folard and gifts ,-184.97,,SARA FOLARD AND GIFTS EDMONTON AB,Undefined
4/11/2021,4/12/2021,dollarama 758 ,-41.6,,DOLLARAMA # 758 EDMONTON AB,Supplies
4/11/2021,4/12/2021,paypal playstation 4029357733,-19.99,,PAYPAL *PLAYSTATION 4029357733 ON,Undefined
4/11/2021,4/12/2021,paypal dhlexpressc 4029357733,-120.71,,PAYPAL *DHLEXPRESSC 4029357733 ON,Undefined
4/11/2021,4/12/2021,real cdn superstore ,-58.75,,REAL CDN SUPERSTORE #1 EDMONTON AB,Undefined
4/11/2021,4/12/2021,elsafadi mediterrean markedmonton ab,-36.73,,ELSAFADI MEDITERREAN MARKEDMONTON AB,Supplies
4/11/2021,4/12/2021,old navy canada 846 ,-80.3,,OLD NAVY CANADA 846 EDMONTON AB,Supplies
4/11/2021,4/12/2021,lowes 03700 ,-209.98,,LOWES #03700* EDMONTON AB,Supplies
4/11/2021,4/12/2021,petrocan-12659 - 153 ave ,-84.1,,PETROCAN-12659 - 153 AVE EDMONTON AB,Fuel costs
4/12/2021,4/13/2021,direct energy regulated ,-162.44,,DIRECT ENERGY REGULATED EDMONTON AB,Undefined
4/12/2021,4/13/2021,quickbooks ab,-84,,QUICKBOOKS 888-829-8589 AB,Computer-related expenses
4/12/2021,4/14/2021,telus comm. web ,-162.88,,TELUS COMM. WEB EDMONTON AB,Telephone and telecommunications
4/12/2021,4/15/2021,sobeys namao ,-13.41,,SOBEYS NAMAO #5480 EDMONTON AB,Supplies
4/12/2021,4/13/2021,payment - thank you paiement - merci,905.65,,PAYMENT - THANK YOU / PAIEMENT - MERCI,Payments
4/13/2021,4/13/2021,amzn mktp caxj5fo4q23 www.amazon.caon,-24.64,,AMZN MKTP CA*XJ5FO4Q23 WWW.AMAZON.CAON,Supplies
4/14/2021,4/16/2021,save foods ,-29.47,,SAVE ON FOODS #6664 EDMONTON AB,Supplies
4/15/2021,4/16/2021,amzn mktp ca8r0lo3733 www.amazon.caon,-86.98,,AMZN MKTP CA*8R0LO3733 WWW.AMAZON.CAON,Supplies
4/15/2021,4/16/2021,amzn mktp ca8l5d12l73 www.amazon.caon,-11.99,,AMZN MKTP CA*8L5D12L73 WWW.AMAZON.CAON,Supplies
4/15/2021,4/16/2021,almadina halal meat & ,-16.45,,ALMADINA HALAL MEAT & EDMONTON AB,Undefined
4/15/2021,4/16/2021,& out registry ab,-568.17,,IN & OUT REGISTRY NC 888-4607771 AB,Undefined
4/15/2021,4/19/2021,sobeys namao ,-37.98,,SOBEYS NAMAO #5480 EDMONTON AB,Supplies
4/15/2021,4/16/2021,petrocan-5011-137 ave nw ,-122.87,,PETROCAN-5011-137 AVE NW EDMONTON AB,Fuel costs
4/16/2021,4/19/2021,amazon.ca5t95i2uo3 amazon.ca,-20.44,,AMAZON.CA*5T95I2UO3 AMAZON.CA ON,Supplies
4/16/2021,4/19/2021,amazon.caih0ma4gf3 amazon.ca,-20.79,,AMAZON.CA*IH0MA4GF3 AMAZON.CA ON,Supplies
4/16/2021,4/19/2021,corpcentre.ca,-26.25,,CORPCENTRE.CA 866-9062677 QC,Undefined
4/16/2021,4/19/2021,shoppers drug mart ,-15.23,,SHOPPER'S DRUG MART#2374 EDMONTON AB,Meals and entertainment
4/17/2021,4/19/2021,apple.combill toronto,-4.19,,APPLE.COM/BILL TORONTO ON,Undefined
4/18/2021,4/20/2021,save foods ,-41.61,,SAVE ON FOODS #6667 EDMONTON AB,Supplies
4/18/2021,4/20/2021,corpcentre.ca,-26.25,,CORPCENTRE.CA 866-9062677 QC,Undefined
4/18/2021,4/19/2021,winners 232 ,-186.44,,WINNERS 232 EDMONTON AB,Undefined
4/18/2021,4/19/2021,toys R us ,-54.09,,TOYS "R" US #3535 EDMONTON AB,Supplies
4/19/2021,4/20/2021,www costco on,-1549.98,,WWW COSTCO CA 888-426-7826 ON,Supplies
4/19/2021,4/19/2021,amzn mktp caw74dk2773 www.amazon.caon,-46.99,,AMZN MKTP CA*W74DK2773 WWW.AMAZON.CAON,Supplies
4/20/2021,4/21/2021,j2 myfax services,-12.95,,J2 *MYFAX SERVICES 877-437-3607 CA,Undefined
4/20/2021,4/20/2021,amazon.cacm6ce25z3 amazon.ca,-32.77,,AMAZON.CA*CM6CE25Z3 AMAZON.CA ON,Supplies
4/20/2021,4/20/2021,amzn mktp ca6t9365rq3 www.amazon.caon,-35.97,,AMZN MKTP CA*6T9365RQ3 WWW.AMAZON.CAON,Supplies
4/20/2021,4/20/2021,amzn mktp calv6wd6nw3 www.amazon.caon,-31.99,,AMZN MKTP CA*LV6WD6NW3 WWW.AMAZON.CAON,Supplies
4/21/2021,4/22/2021,amzn mktp cap17aa8613 www.amazon.caon,-33.98,,AMZN MKTP CA*P17AA8613 WWW.AMAZON.CAON,Supplies
4/21/2021,4/22/2021,elsafadi mediterrean markedmonton ab,-12.69,,ELSAFADI MEDITERREAN MARKEDMONTON AB,Supplies
4/21/2021,4/21/2021,amzn mktp cakn6v90o73 www.amazon.caon,-30.06,,AMZN MKTP CA*KN6V90O73 WWW.AMAZON.CAON,Supplies
4/21/2021,4/22/2021,cdn tire store ,-106.53,,CDN TIRE STORE #00397 EDMONTON AB,Supplies
5/26/2021,5/26/2021,payment - thank you paiement - merci,333.79,,PAYMENT - THANK YOU / PAIEMENT - MERCI,Payments
6/10/2021,6/11/2021,payment - thank you paiement - merci,600.98,,PAYMENT - THANK YOU / PAIEMENT - MERCI,Payments
5/25/2021,5/26/2021,enterprise canada c522 ,-301.65,,ENTERPRISE CANADA C522 EDMONTON AB,Undefined
5/25/2021,5/26/2021,bianca amors liquidation ,-120.23,,BIANCA AMORS LIQUIDATION EDMONTON AB,Undefined
5/25/2021,5/26/2021,real cdn superstore ,-18.32,,REAL CDN SUPERSTORE #1 EDMONTON AB,Undefined
5/25/2021,5/26/2021,princess auto 05 ,-271.87,,PRINCESS AUTO 05 EDMONTON AB,Undefined
5/26/2021,5/27/2021,telus pre-auth payment ab,-103.95,,TELUS PRE-AUTH PAYMENT 780-4932237 AB,Telephone and telecommunications
5/26/2021,5/27/2021,tim hortons ,-9.17,,TIM HORTONS #0910 EDMONTON AB,Meals and entertainment
5/26/2021,5/26/2021,amazon.ca2r1ml6e52 amazon.ca,-11.14,,AMAZON.CA*2R1ML6E52 AMAZON.CA ON,Supplies
5/26/2021,5/26/2021,amazon.ca2r9cb89z1 amazon.ca,-31.5,,AMAZON.CA*2R9CB89Z1 AMAZON.CA ON,Supplies
5/26/2021,5/26/2021,amazon.ca2r5mv0ee2 amazon.ca,-31.5,,AMAZON.CA*2R5MV0EE2 AMAZON.CA ON,Supplies
5/27/2021,5/28/2021,corpcentre.ca,-26.25,,CORPCENTRE.CA 866-9062677 QC,Undefined
5/27/2021,5/28/2021,tim hortons ,-5.42,,TIM HORTONS #0910 EDMONTON AB,Meals and entertainment
5/27/2021,5/31/2021,w8tech sa 7754504856,-124.32,,W8TECH SA 7754504856 CA,Undefined
5/27/2021,5/28/2021,payment - thank you paiement - merci,2222.6,,PAYMENT - THANK YOU / PAIEMENT - MERCI,Payments
5/28/2021,5/31/2021,amazon.ca2r72d18v0 amazon.ca,-64.42,,AMAZON.CA*2R72D18V0 AMAZON.CA ON,Supplies
5/28/2021,5/31/2021,almadina halal meat & ,-58.45,,ALMADINA HALAL MEAT & EDMONTON AB,Undefined
5/28/2021,5/31/2021,save foods ,-13.79,,SAVE ON FOODS #6664 EDMONTON AB,Supplies
5/28/2021,5/31/2021,cdn tire store ,-137.48,,CDN TIRE STORE #00397 EDMONTON AB,Supplies
5/29/2021,5/31/2021,dollarama 758 ,-19.22,,DOLLARAMA # 758 EDMONTON AB,Supplies
5/29/2021,5/31/2021,apple.combill,-16.79,,APPLE.COM/BILL 866-712-7753 ON,Undefined
5/29/2021,5/31/2021,save foods ,-112.13,,SAVE ON FOODS #6667 EDMONTON AB,Supplies
5/30/2021,6/1/2021,uber trip help.uber.comon,-34.85,,UBER *TRIP HELP.UBER.COMON,Undefined
5/30/2021,6/2/2021,wal-mart supercenter1122edmonton ab,-52.3,,WAL-MART SUPERCENTER#1122EDMONTON AB,Supplies
5/30/2021,6/2/2021,wal-mart supercenter1146edmonton ab,-36.45,,WAL-MART SUPERCENTER#1146EDMONTON AB,Supplies
5/30/2021,5/31/2021,amzn mktp ca2x4ek0lt1 www.amazon.caon,-45.98,,AMZN MKTP CA*2X4EK0LT1 WWW.AMAZON.CAON,Supplies
5/30/2021,5/31/2021,hughes petroleum ltd ,-63.79,,HUGHES PETROLEUM LTD # EDMONTON AB,Fuel costs
5/30/2021,5/31/2021,mcdonalds ,-16.98,,MCDONALD'S #40412 EDMONTON AB,Meals and entertainment
5/31/2021,6/1/2021,elsafadi mediterrean markedmonton ab,-25.71,,ELSAFADI MEDITERREAN MARKEDMONTON AB,Supplies
5/31/2021,6/1/2021,elsafadi mediterrean markedmonton ab,-1.99,,ELSAFADI MEDITERREAN MARKEDMONTON AB,Supplies
5/31/2021,6/1/2021,tim hortons morinville ab,-8.11,,TIM HORTONS #3140 MORINVILLE AB,Meals and entertainment
5/31/2021,6/2/2021,googlegoogle storage internet,-2.79,,GOOGLE*GOOGLE STORAGE INTERNET NS,Undefined
5/31/2021,6/1/2021,petrocan-4906 50th ave niton jctn ab,-90.2,,PETROCAN-4906 50TH AVE NITON JCTN AB,Fuel costs
6/1/2021,6/3/2021,7-eleven store ,-72.77,,7-ELEVEN STORE #32844 EDMONTON AB,Fuel costs
6/1/2021,6/2/2021,mcdonalds edson ab,-28.94,,MCDONALD'S #23193 EDSON AB,Meals and entertainment
6/1/2021,6/2/2021,air- serv A ps605964 ,-1.5,,AIR- SERV A PS605964 EDMONTON AB,Undefined
6/1/2021,6/2/2021,petrocan-4906 50th ave niton jctn ab,-59.07,,PETROCAN-4906 50TH AVE NITON JCTN AB,Fuel costs
6/2/2021,6/3/2021,jasper super A jasper ab,-18.43,,JASPER SUPER A #2194 JASPER AB,Undefined
6/2/2021,6/3/2021,jasper super A jasper ab,-35.38,,JASPER SUPER A #2194 JASPER AB,Undefined
6/2/2021,6/3/2021,paypal shein com 4029357733,-78.99,,PAYPAL *SHEIN COM 4029357733,Undefined
6/2/2021,6/3/2021,tim hortons jasper ab,-4.54,,TIM HORTONS #4350 JASPER AB,Meals and entertainment
6/2/2021,6/3/2021,petrocan-701 connaught drjasper ab,-90.01,,PETROCAN-701 CONNAUGHT DRJASPER AB,Fuel costs
6/3/2021,6/4/2021,tradestation technolog www.tradestatfl,-123.01,,TRADESTATION TECHNOLOG WWW.TRADESTATFL,Undefined
6/3/2021,6/7/2021,icefield f&b banff ab,-7.54,,ICEFIELD F&B BANFF AB,Undefined
6/3/2021,6/7/2021,petrocan-701 connaught drjasper ab,-92.48,,PETROCAN-701 CONNAUGHT DRJASPER AB,Fuel costs
6/4/2021,6/7/2021,j2 myfax services,-12.44,,J2 *MYFAX SERVICES 877-437-3607 CA,Undefined
6/4/2021,6/7/2021,enterprise canada c522 ,-492.14,,ENTERPRISE CANADA C522 EDMONTON AB,Undefined
6/4/2021,6/7/2021,petrocan-24400 hwy 37 namao ab,-111.06,,PETROCAN-24400 HWY 37 NAMAO AB,Fuel costs
6/6/2021,6/8/2021,7-eleven store ,-17.84,,7-ELEVEN STORE #37831 EDMONTON AB,Fuel costs
6/6/2021,6/9/2021,sobeys namao ,-3.68,,SOBEYS NAMAO #5480 EDMONTON AB,Supplies
6/6/2021,6/7/2021,almadina halal meat & ,-55.4,,ALMADINA HALAL MEAT & EDMONTON AB,Undefined
6/6/2021,6/7/2021,tim hortons st albert ab,-2.49,,TIM HORTONS #6472 ST ALBERT AB,Meals and entertainment
6/7/2021,6/8/2021,& out registry ab,-400.59,,IN & OUT REGISTRY NC 888-4607771 AB,Undefined
6/7/2021,6/9/2021,shoppersdrugmart0387 ,-27.75,,SHOPPERSDRUGMART0387 EDMONTON AB,Meals and entertainment
6/7/2021,6/8/2021,payment - thank you paiement - merci,868.5,,PAYMENT - THANK YOU / PAIEMENT - MERCI,Payments
6/8/2021,6/8/2021,amzn mktp ca2x6ig5sw1 www.amazon.caon,-36.99,,AMZN MKTP CA*2X6IG5SW1 WWW.AMAZON.CAON,Supplies
6/8/2021,6/8/2021,amazon.ca2x5ic6s01 amazon.ca,-19.92,,AMAZON.CA*2X5IC6S01 AMAZON.CA ON,Supplies
6/8/2021,6/9/2021,chris no frills ,-42.47,,CHRIS' NO FRILLS #3649 EDMONTON AB,Meals and entertainment
6/8/2021,6/10/2021,petrocan-16441-97th st.nwedmonton ab,-86.17,,PETROCAN-16441-97TH ST.NWEDMONTON AB,Fuel costs
6/9/2021,6/10/2021,dollarama ,-34.78,,DOLLARAMA #409 EDMONTON AB,Supplies
6/9/2021,6/10/2021,corpcentre.ca,-26.25,,CORPCENTRE.CA 866-9062677 QC,Undefined
6/9/2021,6/9/2021,starbucks coffee ,-24.2,,STARBUCKS COFFEE #5586 EDMONTON AB,Meals and entertainment
6/10/2021,6/10/2021,amzn mktp ca2x4hf20v2 www.amazon.caon,-33.99,,AMZN MKTP CA*2X4HF20V2 WWW.AMAZON.CAON,Supplies
6/10/2021,6/11/2021,logmeingotoconnect logmein.com,-42.86,,LOGMEIN*GOTOCONNECT LOGMEIN.COM QC,Undefined
6/10/2021,6/11/2021,winners 316 ,-34.63,,WINNERS 316 EDMONTON AB,Undefined
6/10/2021,6/14/2021,paypal hudsonsbay 4029357733,-152.25,,PAYPAL *HUDSONSBAY 4029357733 ON,Undefined
6/10/2021,6/14/2021,air can 0143749709933aircanada.commb,-1329.37,,AIR CAN* 0143749709933AIRCANADA.COMMB,Travel expenses
6/10/2021,6/14/2021,air can 0143749709935aircanada.commb,-1329.37,,AIR CAN* 0143749709935AIRCANADA.COMMB,Travel expenses
6/10/2021,6/14/2021,air can 0143749709937aircanada.commb,-1197.37,,AIR CAN* 0143749709937AIRCANADA.COMMB,Travel expenses
6/10/2021,6/14/2021,air can 0143749709939aircanada.commb,-1197.37,,AIR CAN* 0143749709939AIRCANADA.COMMB,Travel expenses
6/10/2021,6/14/2021,air can 0143749709941aircanada.commb,-1197.37,,AIR CAN* 0143749709941AIRCANADA.COMMB,Travel expenses
6/10/2021,6/14/2021,sobeys namao ,-15.07,,SOBEYS NAMAO #5480 EDMONTON AB,Supplies
6/10/2021,6/11/2021,shoppers drug mart ,-18.3,,SHOPPERS DRUG MART #0375 EDMONTON AB,Meals and entertainment
6/10/2021,6/11/2021,shoppers drug mart ,-10.49,,SHOPPERS DRUG MART #0375 EDMONTON AB,Meals and entertainment
6/11/2021,6/11/2021,amzn mktp ca2x1hu0xe2 www.amazon.caon,-19.89,,AMZN MKTP CA*2X1HU0XE2 WWW.AMAZON.CAON,Supplies
6/11/2021,6/14/2021,kernels popcorn ,-13.21,,KERNELS POPCORN EDMONTON AB,Meals and entertainment
6/11/2021,6/14/2021,paypal starbucksco 4029357733,-75,,PAYPAL *STARBUCKSCO 4029357733 BC,Meals and entertainment
6/11/2021,6/14/2021,amzn mktp ca2x9ze7mz2 www.amazon.caon,-25.99,,AMZN MKTP CA*2X9ZE7MZ2 WWW.AMAZON.CAON,Supplies
6/11/2021,6/14/2021,enterprise canada c524 ,-148.09,,ENTERPRISE CANADA C524 EDMONTON AB,Undefined
6/11/2021,6/14/2021,elsafadi mediterrean markedmonton ab,-2.97,,ELSAFADI MEDITERREAN MARKEDMONTON AB,Supplies
6/11/2021,6/14/2021,princess auto 05 ,-140.63,,PRINCESS AUTO 05 EDMONTON AB,Undefined
6/11/2021,6/14/2021,eddie bauer canada ,-79.38,,EDDIE BAUER CANADA #00 EDMONTON AB,Undefined
6/11/2021,6/14/2021,direct energy regulated ,-106.69,,DIRECT ENERGY REGULATED EDMONTON AB,Undefined
6/11/2021,6/14/2021,quilts etc ,-196.34,,QUILTS ETC #785 EDMONTON AB,Undefined
6/11/2021,6/14/2021,the childrens place 322edmonton ab,-52.65,,THE CHILDREN'S PLACE #322EDMONTON AB,Undefined
6/11/2021,6/14/2021,esso circle K ,-21.2,,ESSO CIRCLE K EDMONTON AB,Fuel costs
6/11/2021,6/14/2021,payment - thank you paiement - merci,7032.5,,PAYMENT - THANK YOU / PAIEMENT - MERCI,Payments
6/12/2021,6/14/2021,quickbooks ab,-84,,QUICKBOOKS 888-829-8589 AB,Computer-related expenses
6/12/2021,6/14/2021,tim hortons ,-6.66,,TIM HORTONS #0910 EDMONTON AB,Meals and entertainment
6/13/2021,6/14/2021,amazon.ca213800zb1 amazon.ca,-232.75,,AMAZON.CA*213800ZB1 AMAZON.CA ON,Supplies
6/13/2021,6/14/2021,elsafadi mediterrean markedmonton ab,-14.04,,ELSAFADI MEDITERREAN MARKEDMONTON AB,Supplies
6/14/2021,6/16/2021,save foods ,-20.43,,SAVE ON FOODS #6667 EDMONTON AB,Supplies
6/14/2021,6/14/2021,amzn mktp ca2x3kf2770 www.amazon.caon,-73.49,,AMZN MKTP CA*2X3KF2770 WWW.AMAZON.CAON,Supplies
6/15/2021,6/17/2021,the home depot ,-16.98,,THE HOME DEPOT #7119 EDMONTON AB,Supplies
6/15/2021,6/16/2021,real cdn superstore ,-36.73,,REAL CDN SUPERSTORE #1 EDMONTON AB,Undefined
6/15/2021,6/16/2021,petrocan-14110- 127 st nwedmonton ab,-20.02,,PETROCAN-14110- 127 ST NWEDMONTON AB,Fuel costs
6/16/2021,6/17/2021,elsafadi mediterrean markedmonton ab,-1.78,,ELSAFADI MEDITERREAN MARKEDMONTON AB,Supplies
6/16/2021,6/18/2021,esso 7-eleven 37831 ,-128.95,,ESSO 7-ELEVEN 37831 EDMONTON AB,Fuel costs
6/17/2021,6/18/2021,apple.combill,-4.19,,APPLE.COM/BILL 866-712-7753 ON,Undefined
6/17/2021,6/17/2021,homesense 029 ,-85.82,,HOMESENSE 029 EDMONTON AB,Undefined
6/17/2021,6/18/2021,mcdonalds ,-13.5,,MCDONALD'S #14494 EDMONTON AB,Meals and entertainment
6/18/2021,6/21/2021,london drugs 21 ,-35.22,,LONDON DRUGS 21 EDMONTON AB,Supplies
6/18/2021,6/21/2021,bath & body works canadaedmonton ab,-76.16,,BATH & BODY WORKS (CANADAEDMONTON AB,Undefined
6/18/2021,6/21/2021,almadina halal meat & ,-56.55,,ALMADINA HALAL MEAT & EDMONTON AB,Undefined
6/18/2021,6/21/2021,save foods ,-104.78,,SAVE ON FOODS #6664 EDMONTON AB,Supplies
6/19/2021,6/21/2021,petrocan-4906 50th ave niton jctn ab,-63.11,,PETROCAN-4906 50TH AVE NITON JCTN AB,Fuel costs
6/20/2021,6/22/2021,petrocan-715 gregg avenuehinton ab,-106.44,,PETROCAN-715 GREGG AVENUEHINTON AB,Fuel costs
6/21/2021,6/22/2021,amzn mktp ca215vi8s91 www.amazon.caon,-22.99,,AMZN MKTP CA*215VI8S91 WWW.AMAZON.CAON,Supplies
6/21/2021,6/22/2021,7-eleven store red deer counab,-7.38,,7-ELEVEN STORE #37833 RED DEER COUNAB,Fuel costs
6/21/2021,6/22/2021,enterprise canada c567 ,-284.63,,ENTERPRISE CANADA C567 EDMONTON AB,Undefined
6/21/2021,6/22/2021,tim hortons ,-5.79,,TIM HORTONS #0910 EDMONTON AB,Meals and entertainment
6/21/2021,6/22/2021,uber trip help.uber.comon,-26.35,,UBER *TRIP HELP.UBER.COMON,Undefined
6/21/2021,6/22/2021,sq 2016931 alberta inc 8774174551 ab,-157.5,,SQ *2016931 ALBERTA INC 8774174551 AB,Undefined
6/21/2021,6/22/2021,payment - thank you paiement - merci,1795.46,,PAYMENT - THANK YOU / PAIEMENT - MERCI,Payments
6/21/2021,6/22/2021,petrocan-5011-137 ave nw ,-114.41,,PETROCAN-5011-137 AVE NW EDMONTON AB,Fuel costs
12/23/2020,12/23/2020,payment - thank you paiement - merci,600,,PAYMENT - THANK YOU / PAIEMENT - MERCI,Payments
12/24/2020,12/24/2020,payment - thank you paiement - merci,434.72,,PAYMENT - THANK YOU / PAIEMENT - MERCI,Payments
12/29/2020,12/29/2020,payment - thank you paiement - merci,1225.76,,PAYMENT - THANK YOU / PAIEMENT - MERCI,Payments
12/30/2020,12/30/2020,payment - thank you paiement - merci,900.03,,PAYMENT - THANK YOU / PAIEMENT - MERCI,Payments
12/31/2020,12/31/2020,payment - thank you paiement - merci,500.02,,PAYMENT - THANK YOU / PAIEMENT - MERCI,Payments
1/1/2021,1/4/2021,annual fee,-120,,ANNUAL FEE,Undefined
1/2/2021,1/4/2021,payment - thank you paiement - merci,600.63,,PAYMENT - THANK YOU / PAIEMENT - MERCI,Payments
1/4/2021,1/4/2021,payment - thank you paiement - merci,495.07,,PAYMENT - THANK YOU / PAIEMENT - MERCI,Payments
1/6/2021,1/7/2021,payment - thank you paiement - merci,1200.61,,PAYMENT - THANK YOU / PAIEMENT - MERCI,Payments
1/9/2021,1/11/2021,payment - thank you paiement - merci,200.69,,PAYMENT - THANK YOU / PAIEMENT - MERCI,Payments
1/13/2021,1/13/2021,payment - thank you paiement - merci,906.37,,PAYMENT - THANK YOU / PAIEMENT - MERCI,Payments
1/14/2021,1/15/2021,payment - thank you paiement - merci,1332.1,,PAYMENT - THANK YOU / PAIEMENT - MERCI,Payments
1/16/2021,1/18/2021,payment - thank you paiement - merci,519.85,,PAYMENT - THANK YOU / PAIEMENT - MERCI,Payments
1/18/2021,1/18/2021,payment - thank you paiement - merci,500.24,,PAYMENT - THANK YOU / PAIEMENT - MERCI,Payments
12/22/2020,12/24/2020,corpcentre.ca,-26.25,,CORPCENTRE.CA 866-9062677 QC,Undefined
12/23/2020,12/24/2020,amzn mktp ca3944w2263 www.amazon.caon,-57.74,,AMZN MKTP CA*3944W2263 WWW.AMAZON.CAON,Supplies
12/23/2020,12/24/2020,amazon.ca5p43h54q3 amazon.ca,-18.89,,AMAZON.CA*5P43H54Q3 AMAZON.CA ON,Supplies
12/23/2020,12/23/2020,amzn mktp ca2k7617yo3 www.amazon.caon,-49.99,,AMZN MKTP CA*2K7617YO3 WWW.AMAZON.CAON,Supplies
12/23/2020,12/29/2020,shoppers drug mart ,-9.52,,SHOPPER'S DRUG MART#2374 EDMONTON AB,Meals and entertainment
12/23/2020,12/24/2020,payment - thank you paiement - merci,1400,,PAYMENT - THANK YOU / PAIEMENT - MERCI,Payments
12/24/2020,12/29/2020,almadina halal meat & ,-16.25,,ALMADINA HALAL MEAT & EDMONTON AB,Undefined
12/24/2020,12/29/2020,corp canada8854364 ottawa,-12,,CORP CANADA/8854364 OTTAWA ON,Undefined
12/24/2020,12/29/2020,save foods ,-24.9,,SAVE ON FOODS #6667 EDMONTON AB,Supplies
12/26/2020,12/29/2020,amzn mktp canb5up9h83 www.amazon.caon,-111.99,,AMZN MKTP CA*NB5UP9H83 WWW.AMAZON.CAON,Supplies
12/26/2020,12/29/2020,logmeingotoconnect logmein.com,-93.2,,LOGMEIN*GOTOCONNECT LOGMEIN.COM QC,Undefined
12/26/2020,12/29/2020,bath and body works canaedmonton ab,-141.55,,BATH AND BODY WORKS (CANAEDMONTON AB,Undefined
12/26/2020,12/29/2020,the childrens place 322edmonton ab,-39.82,,THE CHILDREN'S PLACE #322EDMONTON AB,Undefined
12/27/2020,12/29/2020,amazon.catw1re4iy3 amazon.ca,-66.1,,AMAZON.CA*TW1RE4IY3 AMAZON.CA ON,Supplies
12/27/2020,12/29/2020,amazon.cald5gq0pk3 amazon.ca,-35.43,,AMAZON.CA*LD5GQ0PK3 AMAZON.CA ON,Supplies
12/27/2020,12/29/2020,amzn mktp car20me5tj3 www.amazon.caon,-14.14,,AMZN MKTP CA*R20ME5TJ3 WWW.AMAZON.CAON,Supplies
12/27/2020,12/29/2020,treehouse toys londond ,-39.38,,TREEHOUSE TOYS LONDOND EDMONTON AB,Undefined
12/27/2020,12/29/2020,skechers kingsway mall ,-141.74,,SKECHERS KINGSWAY MALL EDMONTON AB,Undefined
12/27/2020,12/29/2020,elsafadi mediterrean markedmonton ab,-25.06,,ELSAFADI MEDITERREAN MARKEDMONTON AB,Supplies
12/27/2020,12/29/2020,fabricland mid west lt ,-37.62,,FABRICLAND MID WEST LT EDMONTON AB,Supplies
12/27/2020,12/29/2020,bath & body works canadaedmonton ab,-84.57,,BATH & BODY WORKS (CANADAEDMONTON AB,Undefined
12/27/2020,12/29/2020,stokes ,-33.98,,STOKES EDMONTON AB,Undefined
12/27/2020,12/29/2020,disney store ,-34.08,,DISNEY STORE #663 EDMONTON AB,Undefined
12/27/2020,12/29/2020,claires ,-17.33,,CLAIRE'S #2545 EDMONTON AB,Undefined
12/28/2020,12/29/2020,apple.combill,-16.79,,APPLE.COM/BILL 866-712-7753 ON,Undefined
12/28/2020,12/29/2020,mcdonalds ,-18,,MCDONALD'S #40030 EDMONTON AB,Meals and entertainment
12/29/2020,12/30/2020,amzn mktp caj988t9ic3 www.amazon.caon,-69.99,,AMZN MKTP CA*J988T9IC3 WWW.AMAZON.CAON,Supplies
12/29/2020,12/31/2020,staples.ca mississauga,-440.98,,STAPLES.CA MISSISSAUGA ON,Supplies
12/29/2020,12/30/2020,staples.ca mississauga,-897.5,,STAPLES.CA MISSISSAUGA ON,Supplies
12/30/2020,12/31/2020,corpcentre.ca,-26.25,,CORPCENTRE.CA 866-9062677 QC,Undefined
12/31/2020,1/4/2021,elsafadi mediterrean markedmonton ab,-1.83,,ELSAFADI MEDITERREAN MARKEDMONTON AB,Supplies
12/31/2020,1/4/2021,googlegoogle storage internet,-2.79,,GOOGLE*GOOGLE STORAGE INTERNET NS,Undefined
1/1/2021,1/4/2021,tim hortons ,-5.99,,TIM HORTONS #2282 EDMONTON AB,Meals and entertainment
1/1/2021,1/4/2021,petrocan-9640 118 avenue ,-70.52,,PETROCAN-9640 118 AVENUE EDMONTON AB,Fuel costs
1/1/2021,1/4/2021,disney store ,-36.74,,DISNEY STORE #663 EDMONTON AB,Undefined
1/1/2021,1/4/2021,the bedouins restaurant ,-36.73,,THE BEDOUINS RESTAURANT EDMONTON AB,Meals and entertainment
1/2/2021,1/4/2021,amzn mktp caie4z04323 www.amazon.caon,-9.99,,AMZN MKTP CA*IE4Z04323 WWW.AMAZON.CAON,Supplies
1/2/2021,1/4/2021,amzn mktp can47e71ty3 www.amazon.caon,-25.99,,AMZN MKTP CA*N47E71TY3 WWW.AMAZON.CAON,Supplies
1/2/2021,1/4/2021,amazon.cacp2fu1413 amazon.ca,-11.53,,AMAZON.CA*CP2FU1413 AMAZON.CA ON,Supplies
1/2/2021,1/4/2021,shaw cablesystems calgary ab,-126,,SHAW CABLESYSTEMS CALGARY AB,Internet
1/2/2021,1/4/2021,save foods ,-47.61,,SAVE ON FOODS #6664 EDMONTON AB,Supplies
1/3/2021,1/4/2021,amazon.cafi1g38vj3 amazon.ca,-15.74,,AMAZON.CA*FI1G38VJ3 AMAZON.CA ON,Supplies
1/3/2021,1/4/2021,amazon.cap93p63qg3 amazon.ca,-20.99,,AMAZON.CA*P93P63QG3 AMAZON.CA ON,Supplies
1/3/2021,1/4/2021,amzn mktp cab65zl6vv3 www.amazon.caon,-51.99,,AMZN MKTP CA*B65ZL6VV3 WWW.AMAZON.CAON,Supplies
1/3/2021,1/4/2021,new asian spice market ,-39.2,,NEW ASIAN SPICE MARKET EDMONTON AB,Undefined
1/3/2021,1/5/2021,shoppers drug mart ,-44.52,,SHOPPER'S DRUG MART#2374 EDMONTON AB,Meals and entertainment
1/4/2021,1/5/2021,j2 myfax services,-13.12,,J2 *MYFAX SERVICES 877-437-3607 CA,Undefined
1/4/2021,1/5/2021,payment - thank you paiement - merci,697,,PAYMENT - THANK YOU / PAIEMENT - MERCI,Payments
1/5/2021,1/7/2021,paypal cleverbridg 35314369001,-154,,PAYPAL *CLEVERBRIDG 35314369001,Undefined
1/5/2021,1/7/2021,save foods ,-29.69,,SAVE ON FOODS #6664 EDMONTON AB,Supplies
1/6/2021,1/7/2021,amzn mktp carm88i9p43 www.amazon.caon,-19.98,,AMZN MKTP CA*RM88I9P43 WWW.AMAZON.CAON,Supplies
1/6/2021,1/7/2021,& out registry ab,-1017.5,,IN & OUT REGISTRY NC 888-4607771 AB,Undefined
1/7/2021,1/8/2021,amzn mktp caxi9io6yc3 www.amazon.caon,-12.98,,AMZN MKTP CA*XI9IO6YC3 WWW.AMAZON.CAON,Supplies
1/7/2021,1/8/2021,paypal zohocorpora zoho-402-935-7733,-25.18,,PAYPAL *ZOHOCORPORA ZOHO-402-935-7733 CA,Undefined
1/7/2021,1/8/2021,corpcentre.ca,-26.25,,CORPCENTRE.CA 866-9062677 QC,Undefined
1/7/2021,1/8/2021,elsafadi mediterrean markedmonton ab,-5.98,,ELSAFADI MEDITERREAN MARKEDMONTON AB,Supplies
1/8/2021,1/11/2021,almadina halal meat & ,-10.99,,ALMADINA HALAL MEAT & EDMONTON AB,Undefined
1/8/2021,1/11/2021,real cdn superstore ,-125.41,,REAL CDN SUPERSTORE #1 EDMONTON AB,Undefined
1/8/2021,1/11/2021,paramount fine foods ,-37.75,,PARAMOUNT FINE FOODS EDMONTON AB,Meals and entertainment
1/8/2021,1/11/2021,quilts etc ,-339.12,,QUILTS ETC #785 EDMONTON AB,Undefined
1/8/2021,1/11/2021,w8tech sa 7754504856,-130.63,,W8TECH SA 7754504856 NV,Undefined
1/9/2021,1/11/2021,amzn mktp ca5m2562w73 www.amazon.caon,-59.99,,AMZN MKTP CA*5M2562W73 WWW.AMAZON.CAON,Supplies
1/10/2021,1/12/2021,quilts etc ,-262.49,,QUILTS ETC #785 EDMONTON AB,Undefined
1/10/2021,1/12/2021,the childrens place 322edmonton ab,-110.24,,THE CHILDREN'S PLACE #322EDMONTON AB,Undefined
1/10/2021,1/11/2021,tim hortons ,-7.05,,TIM HORTONS #1688 EDMONTON AB,Meals and entertainment
1/11/2021,1/13/2021,paypal dellcanadai 4029357733,-1349.99,,PAYPAL *DELLCANADAI 4029357733 ON,Undefined
1/11/2021,1/13/2021,paypal lawdepot 4029357733 ab,-47.25,,PAYPAL *LAWDEPOT 4029357733 AB,Undefined
1/11/2021,1/13/2021,save foods ,-20.8,,SAVE ON FOODS #6664 EDMONTON AB,Supplies
1/11/2021,1/12/2021,petrocan-5011-137 ave nw ,-66.77,,PETROCAN-5011-137 AVE NW EDMONTON AB,Fuel costs
1/13/2021,1/13/2021,intuit canada ab,-147,,INTUIT CANADA 888-843-5449 AB,Undefined
1/14/2021,1/15/2021,paypal moomenn ltd 4029357733,-83.66,,PAYPAL *MOOMENN LTD 4029357733 ON,Undefined
1/14/2021,1/15/2021,almadina halal meat & ,-19.4,,ALMADINA HALAL MEAT & EDMONTON AB,Undefined
1/14/2021,1/18/2021,save foods ,-9.15,,SAVE ON FOODS #6664 EDMONTON AB,Supplies
1/14/2021,1/18/2021,mcdonalds ,-13.5,,MCDONALD'S #23922 EDMONTON AB,Meals and entertainment
1/15/2021,1/18/2021,mercato by italian bakeryst. albert ab,-6.04,,MERCATO BY ITALIAN BAKERYST. ALBERT AB,Meals and entertainment
1/15/2021,1/18/2021,direct energy regulated ,-183.8,,DIRECT ENERGY REGULATED EDMONTON AB,Undefined
1/15/2021,1/18/2021,dollarama 758 ,-40.48,,DOLLARAMA # 758 EDMONTON AB,Supplies
1/16/2021,1/18/2021,expedia 72030172976620 expedia.ca,-151.67,,EXPEDIA 72030172976620 EXPEDIA.CA ON,Travel expenses
1/16/2021,1/18/2021,expedia 72030172976620 expedia.ca,151.67,,EXPEDIA 72030172976620 EXPEDIA.CA ON,Travel expenses
1/16/2021,1/18/2021,expedia 72030174412003 expedia.ca,-226.16,,EXPEDIA 72030174412003 EXPEDIA.CA ON,Travel expenses
1/16/2021,1/18/2021,amazon.cab25b19vd3 amazon.ca,-44.33,,AMAZON.CA*B25B19VD3 AMAZON.CA ON,Supplies
1/16/2021,1/18/2021,amzn mktp cahd7e470p3 www.amazon.caon,-19.99,,AMZN MKTP CA*HD7E470P3 WWW.AMAZON.CAON,Supplies
1/17/2021,1/18/2021,apple.combill,-4.19,,APPLE.COM/BILL 866-712-7753 ON,Undefined
1/17/2021,1/18/2021,elsafadi mediterrean markedmonton ab,-5.48,,ELSAFADI MEDITERREAN MARKEDMONTON AB,Supplies
1/18/2021,1/19/2021,amazon.ca6a0oz79s3 amazon.ca,-25.19,,AMAZON.CA*6A0OZ79S3 AMAZON.CA ON,Supplies
1/18/2021,1/19/2021,tradestation technolog www.tradestatfl,-129.91,,TRADESTATION TECHNOLOG WWW.TRADESTATFL,Undefined
1/18/2021,1/19/2021,tradestation technolog www.tradestatfl,-129.91,,TRADESTATION TECHNOLOG WWW.TRADESTATFL,Undefined
1/19/2021,1/20/2021,paypal finviz ltd 35314369001,-52.66,,PAYPAL *FINVIZ LTD 35314369001,Undefined
1/19/2021,1/21/2021,save foods ,-4.12,,SAVE ON FOODS #6664 EDMONTON AB,Supplies
1/20/2021,1/21/2021,almadina halal meat & ,-33.85,,ALMADINA HALAL MEAT & EDMONTON AB,Undefined
1/20/2021,1/20/2021,tim hortons ,-5.99,,TIM HORTONS #2282 EDMONTON AB,Meals and entertainment
4/22/2021,4/23/2021,payment - thank you paiement - merci,218.19,,PAYMENT - THANK YOU / PAIEMENT - MERCI,Payments
4/24/2021,4/26/2021,payment - thank you paiement - merci,743.5,,PAYMENT - THANK YOU / PAIEMENT - MERCI,Payments
4/26/2021,4/27/2021,payment - thank you paiement - merci,179.93,,PAYMENT - THANK YOU / PAIEMENT - MERCI,Payments
4/28/2021,4/29/2021,payment - thank you paiement - merci,616.77,,PAYMENT - THANK YOU / PAIEMENT - MERCI,Payments
4/29/2021,4/30/2021,payment - thank you paiement - merci,475.57,,PAYMENT - THANK YOU / PAIEMENT - MERCI,Payments
5/1/2021,5/3/2021,payment - thank you paiement - merci,300.82,,PAYMENT - THANK YOU / PAIEMENT - MERCI,Payments
5/4/2021,5/4/2021,payment - thank you paiement - merci,268.46,,PAYMENT - THANK YOU / PAIEMENT - MERCI,Payments
5/6/2021,5/6/2021,payment - thank you paiement - merci,663.79,,PAYMENT - THANK YOU / PAIEMENT - MERCI,Payments
5/8/2021,5/10/2021,payment - thank you paiement - merci,804.08,,PAYMENT - THANK YOU / PAIEMENT - MERCI,Payments
5/10/2021,5/10/2021,payment - thank you paiement - merci,1235.19,,PAYMENT - THANK YOU / PAIEMENT - MERCI,Payments
5/16/2021,5/17/2021,payment - thank you paiement - merci,200,,PAYMENT - THANK YOU / PAIEMENT - MERCI,Payments
5/18/2021,5/19/2021,payment - thank you paiement - merci,125,,PAYMENT - THANK YOU / PAIEMENT - MERCI,Payments
5/22/2021,5/25/2021,payment - thank you paiement - merci,1300,,PAYMENT - THANK YOU / PAIEMENT - MERCI,Payments
4/20/2021,4/23/2021,sobeys namao ,-22.11,,SOBEYS NAMAO #5480 EDMONTON AB,Supplies
4/22/2021,4/23/2021,corpcentre.ca,-26.25,,CORPCENTRE.CA 866-9062677 QC,Undefined
4/22/2021,4/26/2021,shaw cablesystems calgary ab,-131.25,,SHAW CABLESYSTEMS CALGARY AB,Internet
4/23/2021,4/23/2021,amazon.cac12xf7m43 amazon.ca,-8.39,,AMAZON.CA*C12XF7M43 AMAZON.CA ON,Supplies
4/23/2021,4/26/2021,dollarama ,-33.8,,DOLLARAMA #409 EDMONTON AB,Supplies
4/23/2021,4/26/2021,cappadocia import turkishedmonton ab,-727.07,,CAPPADOCIA IMPORT TURKISHEDMONTON AB,Undefined
4/23/2021,4/26/2021,capadocia impo ,-4.16,,CAPADOCIA IMPO EDMONTON AB,Undefined
4/23/2021,4/26/2021,amzn mktp cayl3ci6pp3 www.amazon.caon,-22.49,,AMZN MKTP CA*YL3CI6PP3 WWW.AMAZON.CAON,Supplies
4/23/2021,4/26/2021,mezos roastery ,-70.77,,MEZOS ROASTERY EDMONTON AB,Undefined
4/23/2021,4/26/2021,save foods ,-36.03,,SAVE ON FOODS #6664 EDMONTON AB,Supplies
4/23/2021,4/26/2021,the home depot ,-54.85,,THE HOME DEPOT #7119 EDMONTON AB,Supplies
4/24/2021,4/26/2021,amzn mktp cacl8ep4n43 www.amazon.caon,-23.77,,AMZN MKTP CA*CL8EP4N43 WWW.AMAZON.CAON,Supplies
4/24/2021,4/26/2021,amzn mktp cafj9we2v33 www.amazon.caon,-7.99,,AMZN MKTP CA*FJ9WE2V33 WWW.AMAZON.CAON,Supplies
4/25/2021,4/27/2021,save foods ,-7.27,,SAVE ON FOODS #6664 EDMONTON AB,Supplies
4/25/2021,4/26/2021,amzn mktp ca547lt3d63 www.amazon.caon,-21.99,,AMZN MKTP CA*547LT3D63 WWW.AMAZON.CAON,Supplies
4/25/2021,4/26/2021,amzn mktp camb5n54bp3 www.amazon.caon,-21.99,,AMZN MKTP CA*MB5N54BP3 WWW.AMAZON.CAON,Supplies
4/25/2021,4/26/2021,amzn mktp caea2wz42z3 www.amazon.caon,-14.99,,AMZN MKTP CA*EA2WZ42Z3 WWW.AMAZON.CAON,Supplies
4/25/2021,4/26/2021,lowes 03700 ,-85.99,,LOWES #03700* EDMONTON AB,Supplies
4/25/2021,4/26/2021,elsafadi mediterrean markedmonton ab,-15.35,,ELSAFADI MEDITERREAN MARKEDMONTON AB,Supplies
4/25/2021,4/26/2021,tim hortons ,-5.07,,TIM HORTONS #2282 EDMONTON AB,Meals and entertainment
4/26/2021,4/27/2021,amzn mktp canf2ex3m43 www.amazon.caon,-98.91,,AMZN MKTP CA*NF2EX3M43 WWW.AMAZON.CAON,Supplies
4/26/2021,4/26/2021,tim hortons ,-16.06,,TIM HORTONS #2282 EDMONTON AB,Meals and entertainment
4/27/2021,4/28/2021,elsafadi mediterrean markedmonton ab,-15.01,,ELSAFADI MEDITERREAN MARKEDMONTON AB,Supplies
4/27/2021,4/28/2021,elsafadi mediterrean markedmonton ab,-9.95,,ELSAFADI MEDITERREAN MARKEDMONTON AB,Supplies
4/28/2021,4/29/2021,apple.combill toronto,-16.79,,APPLE.COM/BILL TORONTO ON,Undefined
4/28/2021,5/3/2021,sobeys namao ,-52.67,,SOBEYS NAMAO #5480 EDMONTON AB,Supplies
4/29/2021,4/30/2021,petrocan-16441-97th st.nwedmonton ab,-98.54,,PETROCAN-16441-97TH ST.NWEDMONTON AB,Fuel costs
4/30/2021,5/3/2021,almadina halal meat & ,-48.15,,ALMADINA HALAL MEAT & EDMONTON AB,Undefined
4/30/2021,5/3/2021,elsafadi mediterrean markedmonton ab,-13.96,,ELSAFADI MEDITERREAN MARKEDMONTON AB,Supplies
4/30/2021,5/3/2021,earths general store ltdedmonton ab,-33.56,,EARTH'S GENERAL STORE LTDEDMONTON AB,Undefined
5/1/2021,5/3/2021,google storage,-2.79,,GOOGLE *GOOGLE STORAGE 855-836-3987 NS,Undefined
5/1/2021,5/3/2021,shoppers drug mart 2370 ,-55.7,,SHOPPER'S DRUG MART 2370 EDMONTON AB,Meals and entertainment
5/2/2021,5/5/2021,claires ,-17.33,,CLAIRE'S #2545 EDMONTON AB,Undefined
5/2/2021,5/3/2021,london drugs 21 ,-244.31,,LONDON DRUGS 21 EDMONTON AB,Supplies
5/2/2021,5/3/2021,amazon.ca2l5jz4zo1 amazon.ca,-35.73,,AMAZON.CA*2L5JZ4ZO1 AMAZON.CA ON,Supplies
5/3/2021,5/6/2021,sobeys namao ,-13.57,,SOBEYS NAMAO #5480 EDMONTON AB,Supplies
5/3/2021,5/4/2021,amazon.ca2k4h35n43 amazon.ca,-15.72,,AMAZON.CA*2K4H35N43 AMAZON.CA ON,Supplies
5/3/2021,5/4/2021,petrocan-5011-137 ave nw ,-84.04,,PETROCAN-5011-137 AVE NW EDMONTON AB,Fuel costs
5/4/2021,5/5/2021,amzn mktp cazm48x5bo3 www.amazon.caon,-121.76,,AMZN MKTP CA*ZM48X5BO3 WWW.AMAZON.CAON,Supplies
5/4/2021,5/5/2021,paypal oudimentary 4029357733,-157.82,,PAYPAL *OUDIMENTARY 4029357733 ON,Undefined
5/4/2021,5/5/2021,elsafadi mediterrean markedmonton ab,-16.7,,ELSAFADI MEDITERREAN MARKEDMONTON AB,Supplies
5/4/2021,5/5/2021,j2 myfax services,-12.66,,J2 *MYFAX SERVICES 877-437-3607 CA,Undefined
5/5/2021,5/7/2021,paypal canadahelps 8777551595,-100,,PAYPAL *CANADAHELPS 8777551595 ON,Undefined
5/5/2021,5/6/2021,staples store ,-78.73,,STAPLES STORE #60 EDMONTON AB,Supplies
5/5/2021,5/6/2021,sq 2016931 alberta inc 8774174551 ab,-157.5,,SQ *2016931 ALBERTA INC 8774174551 AB,Undefined
5/6/2021,5/7/2021,dollarama 758 ,-35.77,,DOLLARAMA # 758 EDMONTON AB,Supplies
5/6/2021,5/7/2021,tradestation technolog www.tradestatfl,-124.73,,TRADESTATION TECHNOLOG WWW.TRADESTATFL,Undefined
5/6/2021,5/10/2021,save foods ,-10.52,,SAVE ON FOODS #6664 EDMONTON AB,Supplies
5/7/2021,5/7/2021,amzn mktp ca2l5zx9n60 www.amazon.caon,-28.99,,AMZN MKTP CA*2L5ZX9N60 WWW.AMAZON.CAON,Supplies
5/7/2021,5/10/2021,amazon.ca2l8fu1mc1 amazon.ca,-58.74,,AMAZON.CA*2L8FU1MC1 AMAZON.CA ON,Supplies
5/7/2021,5/10/2021,elsafadi mediterrean markedmonton ab,-13.98,,ELSAFADI MEDITERREAN MARKEDMONTON AB,Supplies
5/7/2021,5/10/2021,cedar sweets ltd ,-85.7,,CEDAR SWEETS LTD EDMONTON AB,Undefined
5/8/2021,5/10/2021,tim hortons ,-4.58,,TIM HORTONS #2282 EDMONTON AB,Meals and entertainment
5/8/2021,5/10/2021,sq darul uloom alberta 8774174551 ab,-25,,SQ *DARUL ULOOM ALBERTA 8774174551 AB,Undefined
5/8/2021,5/10/2021,amzn mktp ca2l1vc4h41 www.amazon.caon,-36.99,,AMZN MKTP CA*2L1VC4H41 WWW.AMAZON.CAON,Supplies
5/8/2021,5/10/2021,amzn mktp ca8g8r12k13 www.amazon.caon,-13.63,,AMZN MKTP CA*8G8R12K13 WWW.AMAZON.CAON,Supplies
5/8/2021,5/10/2021,amzn mktp ca8b1lz07g3 www.amazon.caon,-16.99,,AMZN MKTP CA*8B1LZ07G3 WWW.AMAZON.CAON,Supplies
5/9/2021,5/11/2021,bulk barn ,-2.54,,BULK BARN #716 EDMONTON AB,Undefined
5/9/2021,5/10/2021,amzn mktp ca240p005i3 www.amazon.caon,-15.99,,AMZN MKTP CA*240P005I3 WWW.AMAZON.CAON,Supplies
5/9/2021,5/10/2021,amzn mktp ca2l0dz4821 www.amazon.caon,-15.99,,AMZN MKTP CA*2L0DZ4821 WWW.AMAZON.CAON,Supplies
5/9/2021,5/10/2021,shoppers drug mart 2370 ,-33.04,,SHOPPER'S DRUG MART 2370 EDMONTON AB,Meals and entertainment
5/10/2021,5/11/2021,aldo ,-37.26,,ALDO #1120 EDMONTON AB,Supplies
5/10/2021,5/11/2021,bath and body works canaedmonton ab,-7.3,,BATH AND BODY WORKS (CANAEDMONTON AB,Undefined
5/10/2021,5/11/2021,dollarama ,-47.22,,DOLLARAMA #1371 EDMONTON AB,Supplies
5/10/2021,5/11/2021,logmeingotoconnect logmein.com,-42.86,,LOGMEIN*GOTOCONNECT LOGMEIN.COM QC,Undefined
5/10/2021,5/11/2021,sephora kingsway mall ,-33.08,,SEPHORA KINGSWAY MALL EDMONTON AB,Meals and entertainment
5/10/2021,5/11/2021,toys R us ,-242.67,,TOYS "R" US #3535 EDMONTON AB,Supplies
5/10/2021,5/11/2021,& out registry ab,-1631.75,,IN & OUT REGISTRY NC 888-4607771 AB,Undefined
5/10/2021,5/10/2021,amazon.ca2l83556n1 amazon.ca,-15.72,,AMAZON.CA*2L83556N1 AMAZON.CA ON,Supplies
5/11/2021,5/12/2021,paypal shein com 4029357733,-52.39,,PAYPAL *SHEIN COM 4029357733,Undefined
5/11/2021,5/14/2021,sobeys namao ,-11.86,,SOBEYS NAMAO #5480 EDMONTON AB,Supplies
5/12/2021,5/12/2021,marshallshomesense 76 st. albert ab,-105.98,,MARSHALLS/HOMESENSE 76 ST. ALBERT AB,Undefined
5/12/2021,5/13/2021,quickbooks ab,-84,,QUICKBOOKS 888-829-8589 AB,Computer-related expenses
5/12/2021,5/13/2021,elsafadi mediterrean markedmonton ab,-21.25,,ELSAFADI MEDITERREAN MARKEDMONTON AB,Supplies
5/12/2021,5/14/2021,shoppers drug mart ,-39.76,,SHOPPER'S DRUG MART#2374 EDMONTON AB,Meals and entertainment
5/13/2021,5/13/2021,amzn mktp ca2l1za4rm1 www.amazon.caon,-25.7,,AMZN MKTP CA*2L1ZA4RM1 WWW.AMAZON.CAON,Supplies
5/14/2021,5/14/2021,amzn mktp ca2l7sp7qs0 www.amazon.caon,-24.52,,AMZN MKTP CA*2L7SP7QS0 WWW.AMAZON.CAON,Supplies
5/14/2021,5/17/2021,direct energy regulated ,-149.03,,DIRECT ENERGY REGULATED EDMONTON AB,Undefined
5/14/2021,5/17/2021,elsafadi mediterrean markedmonton ab,-28.55,,ELSAFADI MEDITERREAN MARKEDMONTON AB,Supplies
5/16/2021,5/18/2021,lowes 03700 ,-26.62,,LOWES #03700* EDMONTON AB,Supplies
5/16/2021,5/18/2021,lowes 03700 ,-87.86,,LOWES #03700* EDMONTON AB,Supplies
5/16/2021,5/18/2021,the home depot ,-17.22,,THE HOME DEPOT #7119 EDMONTON AB,Supplies
5/16/2021,5/17/2021,petrocan-10016 104 ave westlock ab,-60.3,,PETROCAN-10016 104 AVE WESTLOCK AB,Fuel costs
5/17/2021,5/18/2021,apple.combill,-4.19,,APPLE.COM/BILL 866-712-7753 ON,Undefined
5/17/2021,5/18/2021,www costco on,-62.99,,WWW COSTCO CA 888-426-7826 ON,Supplies
5/17/2021,5/18/2021,hughes petroleum ltd ,-4.95,,HUGHES PETROLEUM LTD # EDMONTON AB,Fuel costs
5/17/2021,5/19/2021,save foods ,-62.6,,SAVE ON FOODS #6664 EDMONTON AB,Supplies
5/18/2021,5/19/2021,amzn mktp ca2l4wh1rl0 www.amazon.caon,-8.29,,AMZN MKTP CA*2L4WH1RL0 WWW.AMAZON.CAON,Supplies
5/18/2021,5/19/2021,uber pending amsterdam,-36.67,,UBER PENDING AMSTERDAM ON,Undefined
5/18/2021,5/19/2021,tim hortons ,-2.49,,TIM HORTONS #2282 EDMONTON AB,Meals and entertainment
5/18/2021,5/19/2021,cdn tire store ,-115.48,,CDN TIRE STORE #00347 EDMONTON AB,Supplies
5/19/2021,5/19/2021,amzn mktp ca2l3dn8yw0 www.amazon.caon,-28.49,,AMZN MKTP CA*2L3DN8YW0 WWW.AMAZON.CAON,Supplies
5/19/2021,5/21/2021,shaw cablesystems calgary ab,12.1,,SHAW CABLESYSTEMS CALGARY AB,Internet
5/19/2021,5/20/2021,cdn tire store ,115.48,,CDN TIRE STORE #00397 EDMONTON AB,Supplies
5/19/2021,5/20/2021,cdn tire store ,-221.13,,CDN TIRE STORE #00397 EDMONTON AB,Supplies
5/20/2021,5/21/2021,real cdn superstore ,-252.38,,REAL CDN SUPERSTORE #1 EDMONTON AB,Undefined
5/20/2021,5/25/2021,petrocan-12659 - 153 ave ,-100.89,,PETROCAN-12659 - 153 AVE EDMONTON AB,Fuel costs
5/20/2021,5/21/2021,payment - thank you paiement - merci,753.57,,PAYMENT - THANK YOU / PAIEMENT - MERCI,Payments
5/21/2021,5/21/2021,amzn mktp ca2r9gn2l80 www.amazon.caon,-14.99,,AMZN MKTP CA*2R9GN2L80 WWW.AMAZON.CAON,Supplies
5/21/2021,5/25/2021,apple.combill,-78.74,,APPLE.COM/BILL 866-712-7753 ON,Undefined
5/21/2021,5/25/2021,almadina halal meat & ,-41.85,,ALMADINA HALAL MEAT & EDMONTON AB,Undefined
5/21/2021,5/25/2021,homesense 029 ,-214.24,,HOMESENSE 029 EDMONTON AB,Undefined
5/21/2021,5/25/2021,the bedouins restaurant ,-37.78,,THE BEDOUINS RESTAURANT EDMONTON AB,Meals and entertainment
5/21/2021,5/21/2021,prklndscp, evgrnntrf &prsedmonton ab,-856.8,,PRKLNDSCP, EVGRNNTRF &PRSEDMONTON AB,Undefined
5/21/2021,5/25/2021,payment - thank you paiement - merci,709.9,,PAYMENT - THANK YOU / PAIEMENT - MERCI,Payments
5/22/2021,5/25/2021,dollarama 758 ,-78.86,,DOLLARAMA # 758 EDMONTON AB,Supplies
5/22/2021,5/25/2021,chris no frills ,-7.52,,CHRIS' NO FRILLS #3649 EDMONTON AB,Meals and entertainment
5/22/2021,5/25/2021,shaw cablesystems calgary ab,-131.25,,SHAW CABLESYSTEMS CALGARY AB,Internet
5/23/2021,5/25/2021,jasper n.p.east gate jasper ab,-139.4,,JASPER N.P.EAST GATE JASPER AB,Undefined
5/23/2021,5/25/2021,petrocan-4906 50th ave niton jctn ab,-64.95,,PETROCAN-4906 50TH AVE NITON JCTN AB,Fuel costs
5/23/2021,5/25/2021,7-eleven store ,-27.23,,7-ELEVEN STORE #32844 EDMONTON AB,Fuel costs
5/23/2021,5/25/2021,tags yellowhead edson ab,-80,,TAGS YELLOWHEAD EDSON AB,Undefined
5/24/2021,5/25/2021,tim hortons ,-8.91,,TIM HORTONS #0910 EDMONTON AB,Meals and entertainment
5/24/2021,5/25/2021,hughes petroleum ltd ,-40,,HUGHES PETROLEUM LTD # EDMONTON AB,Fuel costs
